		
,"LISTA DE PRECIOS DELTRON"		
		
,"Generada el :"2026-08-13 11:05:14		
,"Almacen(es) :,'PRINCIPAL-CORPAC','CHICLAYO','TRUJILLO'"		
,"Almacen(es) :"		
,"TIPO DE CAMBIO :3.380"		
,"__________________________________"		
		
		
_______________,"_______________","__________________________________","__________"		
 ,"CODIGO","ACC, MUEBLES DE COMPUTO","STOCK","PREC DISTRIB US $","PREC S/.","FLETE ","GARAN","MARCA"		
acc, muebles de computo,"acbolsaterosmun","bolsa teros mundial 50 x 40",>20,3.50, ,"","Y","deltron"		
acc, muebles de computo,"accte8083n","hub usb de 7 puertos teros te-8083n, usb 2.0 de 6puertos y usb 3.0 de 1 puerto[@@@]de",>20,16.00, ,"","D","teros"		
_______________,"_______________","__________________________________","__________"		
 ,"CODIGO","ACCESORIOS","STOCK","PREC DISTRIB US $","PREC S/.","FLETE ","GARAN","MARCA"		
accesorios,"acbolsadltrn","bolsa logo deltron",>20,5.00, ,"","Z","deltron"		
accesorios,"acbolsalnvth","bolsa lenovo 50 x 40 cm org",>20,3.50, ,"","D","deltron"		
accesorios,"acbolsamicrsf","bolsa microsoft 50 x 40 cm org",>20,3.50, ,"","D","deltron"		
accesorios,"acbolsateros1","bolsa teros 1 50 x 40 cm",>20,3.50, ,"","Y","teros"		
accesorios,"acbolsateros2","bolsa teros 2 50 x 40 cm",>20,3.50, ,"","Y","teros"		
accesorios,"acc05bqfil027","pla bq 1,75mm pure white 1kg", ,1100.00, ,"","Y","zz otras marcas"		
accesorios,"acc05bqfil029","pla bq 1,75mm ruby red 1kg", ,1100.00, ,"","Y","zz otras marcas"		
accesorios,"accadvkbsp5737","estuche advance para tablet sp5737 con teclado micro usb, coral[@@@]optimiza tu produ",>20,10.00, ,"","D","advance computer corp"		
accesorios,"accdeltroncita","deltroncita",>20,666.00, ,"","Y","deltron"		
accesorios,"accdgrrasbt2","gorra bluetooth tipo safari",16,8.00, ,"","Y","deltron"		
accesorios,"accgd7177","kids camara printer",>20,23.70, ,"","Z","deltron"		
accesorios,"accgdcalc2807n","gd calculadora negra", ,5.00, ,"","D","deltron"		
accesorios,"accgdcalc2807w","gd calculadora blanca",>20,3.00, ,"","D","deltron"		
accesorios,"accgxf0x02618","lenovo portable aluminum stand",>20,25.40, ,"","Y","lenovo - idea"		
accesorios,"acchp2gu07aa","soporte de altura ajustable hp, vesa 100x100, negro.[@@@]", ,63.50, ,"","W","hp comercial"		
accesorios,"accksheinsilmat","heat insulation repair mat",14,21.20, ,"","C","kaisi"		
accesorios,"acckssprytool20","pry tool repair kit 20-in-1",>20,18.10, ,"","C","strebito"		
accesorios,"acclnervinylrpm","accesorio cleanervinyl rpm, control de velocidad de giro de la barra de discos.[@@@]p", ,94.00, ,"","X","zz otras marcas"		
accesorios,"accmpcablemmaud","cable monoprice mm coaxial a/v", ,1100.00, ,"","X","zz otras marcas"		
accesorios,"accncthpast10gr","noctua nt-h1, pasta compuesta térmica de calidad profesional (10 gr)[@@@]nt-h1 de noc", ,28.60, ,"","C","noctua"		
accesorios,"accnctpnth210gr","noctua nt-h2, pasta compuesta térmica de calidad profesional (10 gr)[@@@]nt-h2 es la ", ,47.20, ,"","C","noctua"		
accesorios,"accndfltscrw720","flat screws kit - 720pcs",2,32.10, ,"","C","nindejin"		
accesorios,"accndpanscrw650","pan screws kit - 650pcs",9,26.00, ,"","C","nindejin"		
accesorios,"accneckfanw","ventilador  de cuello blanco",>20,5.00, ,"","D","deltron"		
accesorios,"accstelcscr144p","strebito 144-in-1 electric screwdriver kit / mini-destornillador electrico de precisi",>20,52.60, ,"","C","strebito"		
accesorios,"accstprecscrw70","mini electric screwdrv 70-in-1",9,57.60, ,"","C","strebito"		
accesorios,"accstscrewset64","micro screwdriver set 64-in-1",7,20.10, ,"","C","strebito"		
accesorios,"accswcammount","swivel camera mount", ,1100.00, ,"","X","zz otras marcas"		
accesorios,"accte8082t","exhibidor smart watch te8082[@@@]el exhibidor smart watch te8082 es un elegante sopor",>20,12.00, ,"","D","teros"		
accesorios,"accthermalpad3p","thermal pad 10cm x 10cm 3-pack", ,1100.00, ,"","X","zz otras marcas"		
accesorios,"acczzdcpowplugs","conector plug cui inc. pp-019, 1.1 / 2.8 mm, niquel, pvc, negro, 100m ohm, 16v/4a.[@@",>20,1.40, ,"","X","zz otras marcas"		
accesorios,"acdltresponmund","deltroncito mundial epson",>20,666.00, ,"","Y","deltron"		
accesorios,"acdltrgdadv","deltroncito tour deltron adv",>20,98.00, ,"","Y","deltron"		
accesorios,"acdltrgdepson","deltroncito epson mund",>20,666.00, ,"","Y","deltron"		
accesorios,"acdltrlenovomun","deltroncito mundial lenovo",>20,666.00, ,"","Y","deltron"		
accesorios,"acdltrterosmund","deltroncito mundial teros",>20,666.00, ,"","Y","deltron"		
accesorios,"acdltrtourgd","deltroncito tour deltron",>20,666.00, ,"","Y","deltron"		
accesorios,"aczzsti85-0200r","symbol synapse adapter", ,110.00, ,"","X","zz otras marcas"		
accesorios,"adv-2026ia","ai kids camera",>20,47.90, ,"","D","advance computer corp"		
accesorios,"gorrodltblue","gorro deltron blue",>20,4.50, ,"","Z","deltron"		
accesorios,"gorrolnvblack","gorro lenovo black",>20,6.00, ,"","Z","lenovo"		
accesorios,"gorrolnvred","gorro lenovo red",>20,4.00, ,"","Z","lenovo - idea"		
accesorios,"gorromscfbrown","gorro microsoft brown",>20,4.00, ,"","Z","microsoft oem"		
accesorios,"gorroterosbwrd","gorro teros brown red",>20,4.00, ,"","Z","teros"		
accesorios,"gorroterosrdbw","gorro teros brown red",>20,4.00, ,"","Z","teros"		
accesorios,"zzaccgd7177","kids camara printer",>20,666.00, ,"","Z","deltron"		
accesorios,"zzchargerfp","charger smaples for feature ph", ,1100.00, ,"","Z","zz otras marcas"		
accesorios,"zzearphonesfp","earphones samples for feature", ,1100.00, ,"","Z","zz otras marcas"		
accesorios,"zzheadphh5500","headphones  usb h5500", ,1100.00, ,"","","zz otras marcas"		
accesorios,"zzheadphjack35","headphones jack 3.5  h5500", ,110.00, ,"","","zz otras marcas"		
accesorios,"zzisdtvuner","isdtv tuner s/m  s/m", ,1100.00, ,"","X","zz otras marcas"		
accesorios,"zznotebookw16-b","13.3 inch apl nitebook white", ,1100.00, ,"","Z","zz otras marcas"		
accesorios,"zztvtunner-b","digital tv tunner advance, hd, pvr ,micro-usb, compatible con android.[@@@]", ,110.00, ,"","Z","advance computer corp"		
accesorios,"zzusbcable","usb cables for had hard drive", ,1100.00, ,"","Z","zz otras marcas"		
accesorios,"zzusbcablesfp","usb cables samples for feature", ,1100.00, ,"","Z","zz otras marcas"		
accesorios,"zzwifismart701u","free app wifi smart outlet", ,1100.00, ,"","Z","zz otras marcas"		
accesorios,"zzwifismart702u","free app wifi smart outlet", ,1100.00, ,"","Z","zz otras marcas"		
accesorios,"zzwiredheadph","wired headphone jack 3.5  918", ,1100.00, ,"","Z","zz otras marcas"		
accesorios,"zzwritingtablet","lcd writing tablet  10 green", ,1100.00, ,"","Z","zz otras marcas"		
accesorios,"zzzcam720vr","720 vr camera sports", ,1100.00, ,"","D","zz otras marcas"		
accesorios,"zzzsamr20lg","mobile charging suitcase", ,320.00, ,"","Z","zz otras marcas"		
accesorios,"zzzzcase","sample of cases mark: super ca", ,1100.00, ,"","Z","zz otras marcas"		
_______________,"_______________","__________________________________","__________"		
 ,"CODIGO","ACCESORIOS ENSAMBLAJE","STOCK","PREC DISTRIB US $","PREC S/.","FLETE ","GARAN","MARCA"		
accesorios ensamblaje,"achpgm110aa","kit de cables pci esata hp (gm110aa), para convertir 2 puertos sata internos en exter", ,15.70, ,"","W","hp comercial"		
_______________,"_______________","__________________________________","__________"		
 ,"CODIGO","ACCESORIOS USB","STOCK","PREC DISTRIB US $","PREC S/.","FLETE ","GARAN","MARCA"		
accesorios usb,"accadptusb3usb2","usb 3.0 headr/usb 2.0 mb adptr", ,1100.00, ,"","C","zz otras marcas"		
accesorios usb,"acctlu320006bk","cable usb 3.0 tripp-lite u320-006-bk, negro, superspeed, a/a, 1.83 mts, 28/24 awg.[@@",>20,3.45, ,"","W","tripp-lite"		
accesorios usb,"acczzmhlhdcable","mhl musb hdmi hdtv cable", ,1100.00, ,"","X","zz otras marcas"		
accesorios usb,"acte70207w","cargador usb-a usb-c teros te-70207w, gan, pd 65w, blanco[@@@]potencia y eficiencia e",>20,10.10, ,"","D","teros"		
accesorios usb,"acte70209w","cable usb teros te-70209w, tipo c a tipo c, 3a, 60w máx, blanco[@@@]conecta y carga t",>20,1.55, ,"","D","teros"		
accesorios usb,"acte70212w","cable usb teros te-70212w, tipo c a lightning, 3a, 20w máx, blanco y plateado[@@@]con",>20,6.22, ,"","D","teros"		
accesorios usb,"zzte70207wm","adaptador de corriente gan 65w", ,999.00, ,"","Y","western digital"		
_______________,"_______________","__________________________________","__________"		
 ,"CODIGO","AIRE ACOND. DE PRECISION","STOCK","PREC DISTRIB US $","PREC S/.","FLETE ","GARAN","MARCA"		
aire acond. de precision,"accnsrcool7krm","air cond. smartrack 7000btu 8u",1,766.00, ,"","W","tripp-lite"		
_______________,"_______________","__________________________________","__________"		
 ,"CODIGO","ASTERISK, ACCESORIOS","STOCK","PREC DISTRIB US $","PREC S/.","FLETE ","GARAN","MARCA"		
asterisk, accesorios,"swdgchr-193-01","dialogic hmp lifecycle handling fee[@@@]",1,254.00, ,"","Z","zz otras marcas"		
_______________,"_______________","__________________________________","__________"		
 ,"CODIGO","AUDIO, ACCESORIOS DE","STOCK","PREC DISTRIB US $","PREC S/.","FLETE ","GARAN","MARCA"		
audio, accesorios de,"accgxd1n63507","lenovo tws yoga pc tidal teal",>20,56.80, ,"","Y","lenovo - idea"		
audio, accesorios de,"accgxd1p47518","auriculares (in-ear) con 3 mics design enc, lenovo tws yoga pc edition, interfaz blue",>20,53.00, ,"","Y","lenovo - idea"		
audio, accesorios de,"accgxd1q65145","auriculares estéreo inalámbricos con microfono lenovo e310 independientes, color blan",>20,18.35, ,"","Y","lenovo - idea"		
audio, accesorios de,"accgxd1q65146","auriculares estéreo inalámbricos con microfono lenovo e310 independientes, color negr",>20,18.35, ,"","Y","lenovo - idea"		
audio, accesorios de,"accore9901","elgato shock mount (soporte de suspensión antivibración)[@@@]audio sin ruidos: reduce",>20,29.00, ,"","D","corsair"		
_______________,"_______________","__________________________________","__________"		
 ,"CODIGO","AUDIO, AURICULAR C/MIC","STOCK","PREC DISTRIB US $","PREC S/.","FLETE ","GARAN","MARCA"		
audio, auricular c/mic,"accgxd1a03963","lenovo legion h600 wl headset",3,72.80, ,"","Y","lenovo - idea"		
audio, auricular c/mic,"acclen4xd1r3139","auriculares lenovo tws (edición x9)[@@@]los auriculares lenovo tws (edición x9) se ha",>20,52.30, ,"","Y","lenovo - thinkpad"		
audio, auricular c/mic,"accte8074gr","audífonos teros te-8074gr, bluetooth, tws, rosa/dorado[@@@]los audífonos bluetooth te",1,9.60, ,"","D","teros"		
audio, auricular c/mic,"accte8074n","audífonos tws teros te-8074n, bt 5.3, usb, pantalla digital[@@@]disfruta libertad ina",>20,9.60, ,"","D","teros"		
audio, auricular c/mic,"mmhwte8037n","audífono alámbrico teros te-8037n, usb[@@@]comunícate con claridad usando los audífon",>20,6.80, ,"","D","teros"		
audio, auricular c/mic,"mmhwte8039c","audífono alámbrico teros te-8039c, usb, luces led[@@@]trabaja con total claridad usan",>20,14.50, ,"","D","teros"		
audio, auricular c/mic,"mmlen4xd1p83425","auriculares stereo con micrófono lenovo gen 2, interfaz usb-a[@@@]los auriculares est",>20,23.40, ,"","W","lenovo - thinkpad"		
audio, auricular c/mic,"mmlen4xd1q30302","auriculares inalámbricos stereo con micrófono lenovo, interfaz usb-c[@@@]descubre los",5,46.30, ,"","W","lenovo - thinkpad"		
audio, auricular c/mic,"mmlengxd1e71385","auriculares estereo con microfono lenovo 110, interfaz usb tipo-a, color cloud grey (",>20,30.00, ,"","D","lenovo - idea"		
audio, auricular c/mic,"mmmclogstheh112","auriculares estereo (on-ear) con microfono logitech h390, interfaz usb-a, color negro",>20,18.50, ,"","D","logitech"		
audio, auricular c/mic,"mmtwshte80712n","audífonos inalámbricos teros te-80712n, bluetooth, carga tipo c, negro titanium[@@@]d",>20,10.40, ,"","D","teros"		
audio, auricular c/mic,"mmtwshte80712ne","audífonos inalámbricos teros te-80712ne, bt 5.4, usb[@@@]comodidad sin límites con lo",>20,10.40, ,"","D","teros"		
audio, auricular c/mic,"mmtwshte80712rs","audífonos inalámbricos teros te-80712rs, bt 5.4, usb[@@@]comodidad sin límites con lo",>20,10.50, ,"","D","teros"		
audio, auricular c/mic,"mmtwshte80712w","audífonos inalámbricos teros te-80712w, bluetooth, carga tipo c, blanco titanium[@@@]",1,10.40, ,"","D","teros"		
_______________,"_______________","__________________________________","__________"		
 ,"CODIGO","AUDIO, AURICULAR C/MIC GM","STOCK","PREC DISTRIB US $","PREC S/.","FLETE ","GARAN","MARCA"		
audio, auricular c/mic gm,"accgxd1p46879","auriculares lenovo gaming h110",>20,20.00, ,"","Y","lenovo - idea"		
audio, auricular c/mic gm,"mmhste8170n","auriculares gaming teros te-8170n, usb, luces rgb[@@@]domina la partida con el headse",>20,18.70, ,"","D","teros"		
audio, auricular c/mic gm,"mmhste8171n","auriculares gaming teros te-8171n, usb, luces rgb[@@@]sonido inmersivo y compatibilid",>20,10.20, ,"","D","teros"		
audio, auricular c/mic gm,"mmlengxd0t69863","auriculares lenovo gaming legion h300[@@@]los auriculares estéreo para juegos legion ",>20,47.00, ,"","W","lenovo - idea"		
audio, auricular c/mic gm,"mmlengxd1n40797","auriculares intrauditivos (in-ear) para juegos, lenovo legion e510 7.1 rgb[@@@]experi",>20,39.30, ,"","Y","lenovo - idea"		
audio, auricular c/mic gm,"mmlengxd1p46880","auriculares con micrófono lenovo h210 gaming[@@@]los auriculares con micrófono lenovo",>20,33.50, ,"","Y","lenovo - idea"		
audio, auricular c/mic gm,"mmlengxd1r34013","auriculares inalámbricos para juegos lenovo legion h410[@@@]sonido envolvente y rendi", ,57.00, ,"","Y","lenovo - idea"		
audio, auricular c/mic gm,"mmlgtc002069","auriculares gaming logitech g astro a10 gen 2, orientados a xbox, windows, mac[@@@]lo",>20,36.70, ,"","F","logitech"		
audio, auricular c/mic gm,"zzlgtc002055amd","auriculares astroa10 para amd",>20,999.00, ,"","D","amd-advanced micro device"		
audio, auricular c/mic gm,"zzlgtc002069amd","auriculares astroa10 para amd",>20,999.00, ,"","D","amd-advanced micro device"		
_______________,"_______________","__________________________________","__________"		
 ,"CODIGO","AUDIO, AURICULAR INALAM","STOCK","PREC DISTRIB US $","PREC S/.","FLETE ","GARAN","MARCA"		
audio, auricular inalam,"mmhwte8038n","audífono inalámbrico anc teros te-8038n, bt 5.4, usb, anc[@@@]silencio y música pura ",>20,18.40, ,"","D","teros"		
audio, auricular inalam,"mmhwte8038ne","audífono inalámbrico anc teros te-8038ne, bt 5.4,usb, anc[@@@]silencio y música pura ",>20,18.40, ,"","D","teros"		
audio, auricular inalam,"mmhwte8038rs","audífono inalámbrico anc teros te-8038rs, bt 5.4,usb, anc[@@@]silencio y música pura ",>20,18.40, ,"","D","teros"		
audio, auricular inalam,"mmhwte8038w","audífono inalámbrico anc teros te-8038w, bt 5.4, usb, anc[@@@]silencio y música pura ",>20,18.40, ,"","D","teros"		
audio, auricular inalam,"zzte8038amd","audifono te-8038 teors by amd",>20,666.00, ,"","D","amd-advanced micro device"		
_______________,"_______________","__________________________________","__________"		
 ,"CODIGO","AUDIO, MICROFONO USB","STOCK","PREC DISTRIB US $","PREC S/.","FLETE ","GARAN","MARCA"		
audio, microfono usb,"mpcmtg009usbblk","cmteck usb computer microphone",2,19.60, ,"","C","zz otras marcas"		
_______________,"_______________","__________________________________","__________"		
 ,"CODIGO","AUDIO, PARLANTE INALAMBRC","STOCK","PREC DISTRIB US $","PREC S/.","FLETE ","GARAN","MARCA"		
audio, parlante inalambrc,"mmspte6013n","parlante karaoke inalámbrico teros te-6013n, bt 5.4, 10w, 1800mah, usb, luces rgb[@@@",>20,11.60, ,"","D","teros"		
audio, parlante inalambrc,"mmspte6018r","parlante inalámbrico navideño teros te-6018r, bt 5.3, 5w, 1200mah, usb[@@@]dale espír",>20,6.20, ,"","D","teros"		
audio, parlante inalambrc,"mmspte6045b","parlante teros te-6045b, color azul, 60 w[@@@]potencia tu música con el parlante blue",3,41.10, ,"","D","teros"		
audio, parlante inalambrc,"mmspte6045n","parlante teros te-6045n, color negro, 60 w[@@@]potencia tu música con el parlante blu", ,41.40, ,"","D","teros"		
audio, parlante inalambrc,"mmspte6046g","parlante ultra te-6046g, color verde militar camuflado, 40 w[@@@]disfruta de la mejor", ,25.00, ,"","D","teros"		
audio, parlante inalambrc,"mmspte6046n","parlante ultra te-6046n, color negro, 40 w[@@@]disfruta de un sonido potente con el p", ,25.00, ,"","D","teros"		
audio, parlante inalambrc,"mmspte6047n","parlante inalámbrico teros te6047n, 20w, bt: 5.3,iluminación rgb, color negro[@@@]dis",1,21.20, ,"","D","teros"		
audio, parlante inalambrc,"mmteleg6051bg","parlante inalámbrico teros legacy leg-6051bg, bt 5.3, 8w, 1500 mah, usb[@@@]estilo re",>20,11.30, ,"","D","teros"		
audio, parlante inalambrc,"mmteleg6051gr","parlante inalámbrico teros legacy leg-6051gr, bt 5.3, 8w, 1500 mah, usb[@@@]estilo re",>20,11.30, ,"","D","teros"		
audio, parlante inalambrc,"mmteleg6052bg","parlante inalámbrico teros legacy leg-6052bg, bt 5.3, 40 w, 4000 mah, usb[@@@]revive ",>20,26.80, ,"","D","teros"		
audio, parlante inalambrc,"mmteleg6052blk","parlante inalámbrico teros legacy leg-6052bl, bt 5.3, 40 w, 4000 mah, usb[@@@]revive ",>20,26.80, ,"","D","teros"		
audio, parlante inalambrc,"mmteleg6052gr","parlante inalámbrico teros legacy leg-6052gr, bt 5.3, 40 w, 4000 mah, usb[@@@]revive ",>20,26.80, ,"","D","teros"		
audio, parlante inalambrc,"mmteleg6053blk","sistema de audio 5.1 teros legacy te-leg6053blk, bt 5.3, 200w, usb, hdmi[@@@]conviert",>20,62.60, ,"","D","teros"		
audio, parlante inalambrc,"mmtevib6054blk","barra de sonido portátil teros vibe te-vib6054blk, bt 6.0, 20w, usb, luces rgb[@@@]me",>20,11.70, ,"","D","teros"		
audio, parlante inalambrc,"mmtevib6055blk","parlante inalámbrico para fiestas teros vibe 6055, bt 5.3, 100w, 7000 mah, usb, micró",>20,88.00, ,"","D","teros"		
audio, parlante inalambrc,"mmvp6049blk","parlante inalámbrico teros vibe vb-6049blk, bt 5.3, 60w, 4000mah, usb, luces rgb[@@@]",>20,33.00, ,"","Y","teros"		
audio, parlante inalambrc,"mmvp6049or","parlante inalámbrico teros vibe vb-6049or, bt 5.3, 60w, 4000mah, usb, luces rgb[@@@]p",>20,33.00, ,"","Y","teros"		
audio, parlante inalambrc,"zzmmspte6046nto","zzparlant te6046n 40w(toshiba)",6,999.00, ,"","Z","toshiba - storage"		
audio, parlante inalambrc,"zzmmteleg6051lg","teros legacy 6051 s green lg",>20,999.00, ,"","D","teros"		
audio, parlante inalambrc,"zzmmtevib6054lg","teros vibe 6054 series rgb lg",9,999.00, ,"","D","teros"		
audio, parlante inalambrc,"zzte6046nm","parlante teros te6046n bt 40w", ,26.00, ,"","Y","western digital"		
_______________,"_______________","__________________________________","__________"		
 ,"CODIGO","BAREBONE","STOCK","PREC DISTRIB US $","PREC S/.","FLETE ","GARAN","MARCA"		
barebone,"bbadvmp3155","mini pc advance nuc adv-mp3155 intel n95 hasta 3.40ghz, ddr4, hdmi, dp, usb 2.0/3.0, ",>20,177.00, ,"","D","advance computer corp"		
_______________,"_______________","__________________________________","__________"		
 ,"CODIGO","BAREBONES PARA PC","STOCK","PREC DISTRIB US $","PREC S/.","FLETE ","GARAN","MARCA"		
barebones para pc,"bbadvmp6560","mini pc advance nuc core i5-12450h hasta 4.4ghz, ddr4, hdmi, dp, usb 3.0, bt[@@@]pote", ,297.00, ,"","D","advance computer corp"		
barebones para pc,"bbasnuc14n150d5","bb as nuc14 core n150 3.60g d5",>20,155.00, ,"","F","asus"		
barebones para pc,"bbasnuc9185hd5","barebone-mini pc asus nuc 14 pro+ ultra9 slim, core ultra 9 185h 2.3/5.1ghz/6c/24mb c",8,761.00, ,"","F","asus"		
barebones para pc,"bbasnucc3100u5","barebone asus nuc 15 pro, intel core 3 100u 1.2 /4.7ghz/6c/8t/10mb smart cache[@@@]la",>20,351.50, ,"","F","asus"		
barebones para pc,"bbasnucc5210hl","barebone asus nuc 15 pro slim, intel core 5 210h 2.2 / 4.8ghz/8c/12t/12mb smart cache",14,431.00, ,"","F","asus"		
barebones para pc,"bbasnucc7240h5l","barebone asus nuc 15 pro slim, intel core 7 240h 2.5 / 5.2ghz/10c/16t/24mb smart cach",5,596.81, ,"","F","asus"		
barebones para pc,"bbmscu51235ud4","barebone msi cubi 5 12m, intel core i5-1235u de hasta 4.40ghz (10 nucleos/12 subproce",2,365.00, ,"","F","msi"		
_______________,"_______________","__________________________________","__________"		
 ,"CODIGO","CAMARA, WEBCAM","STOCK","PREC DISTRIB US $","PREC S/.","FLETE ","GARAN","MARCA"		
camara, webcam,"acclen4xc1q4495","camara web lenovo fhd (1920x1080@30 fps), interfaz: usb 2.0 tipo-a, color negro[@@@]l",>20,46.20, ,"","Y","lenovo - thinkpad"		
camara, webcam,"cwlengxc1d66063","cámara web lenovo 510 fhd[@@@]una videocámara compatible con usb video class (uvc) di",4,44.00, ,"","Y","lenovo - idea"		
camara, webcam,"mmte9072","webcam teros te-9072, 2k, micrófono incorporado, usb 2.0[@@@]trabaja con casi todas l",>20,13.20, ,"","D","teros"		
camara, webcam,"mmte9073n","webcam teros te-9073n, 4k, micrófono incorporado,usb 2.0[@@@]descubre la cámara web t",>20,26.50, ,"","D","teros"		
_______________,"_______________","__________________________________","__________"		
 ,"CODIGO","CARRY-ON/EQUIPAJE DE MANO","STOCK","PREC DISTRIB US $","PREC S/.","FLETE ","GARAN","MARCA"		
carry-on/equipaje de mano,"zzaccamdtrscrrn","zz carryon amd/teros dark gren",>20,999.00, ,"","D","teros"		
_______________,"_______________","__________________________________","__________"		
 ,"CODIGO","CARTUCHERA / PORTACABLES","STOCK","PREC DISTRIB US $","PREC S/.","FLETE ","GARAN","MARCA"		
cartuchera / portacables,"nbacte9015bg","cartuchera / estuche / organizador / portacables teros te-acs9015, beige[@@@]cartuche",>20,5.30, ,"","D","teros"		
cartuchera / portacables,"nbacte9016bl","cartuchera / estuche / organizador / portacables teros te-acs9016, azul[@@@]cartucher",>20,5.30, ,"","D","teros"		
cartuchera / portacables,"nbacte9017db","cartuchera / estuche / organizador / portacables teros te-acs9017db, azul marino[@@@]",>20,5.30, ,"","D","teros"		
cartuchera / portacables,"zzteacs9017dbm","portacables te-acs9017db", ,999.00, ,"","Y","western digital"		
_______________,"_______________","__________________________________","__________"		
 ,"CODIGO","CASES ATX","STOCK","PREC DISTRIB US $","PREC S/.","FLETE ","GARAN","MARCA"		
cases atx,"csatxadv1154n","csatxadv1154nno se debe transferir a ninguna sucursal, case para ensamblaje de comput", ,1000.00, ,"","Z","advance computer corp"		
_______________,"_______________","__________________________________","__________"		
 ,"CODIGO","CASES ATX VER2.0","STOCK","PREC DISTRIB US $","PREC S/.","FLETE ","GARAN","MARCA"		
cases atx ver2.0,"csa25bkte1036s","case con fuente teros te-1036s, full, e-atx / atx/ micro-atx / itx, usb-a, audio, 250",>20,20.70, ,"","D","teros"		
cases atx ver2.0,"csa25bkte1037s","case con fuente teros te-1037s, full, e-atx / atx/ micro-atx / itx, usb-a, audio, 250",>20,20.70, ,"","D","teros"		
cases atx ver2.0,"csa25bkte1038s","case con fuente teros te-1038s, full, e-atx / atx/ micro-atx / itx, usb-a, audio, 250",>20,21.50, ,"","D","teros"		
cases atx ver2.0,"csm45bkte1319g","case gamer teros te-1319g, mid tower, 450w, usb 3.0 / 2.0, audio, negro[@@@]el case g",>20,30.80, ,"","D","teros"		
_______________,"_______________","__________________________________","__________"		
 ,"CODIGO","CASES CON FUENTE P/GAMERS","STOCK","PREC DISTRIB US $","PREC S/.","FLETE ","GARAN","MARCA"		
cases con fuente p/gamers,"csmsfrge120ab65","case con fuente de 650w msi mag forge 120a airflow, mid tower[@@@]puertos: 2 x usb 3.",>20,80.55, ,"","F","msi"		
cases con fuente p/gamers,"csmsfrgm100ad6","case con fuente de 600w msi mag forge m100a, micro atx tower[@@@]puertos: 1 x usb 3.2",14,61.20, ,"","F","msi"		
_______________,"_______________","__________________________________","__________"		
 ,"CODIGO","CASES MICRO ATX","STOCK","PREC DISTRIB US $","PREC S/.","FLETE ","GARAN","MARCA"		
cases micro atx,"cscme301kgnns00","case cooler master elite 301, minitower, negro, atx, usb 3.2 gen 1 tipo-c / tipo-a, a",>20,44.25, ,"","D","cooler master"		
cases micro atx,"csm25bkte1033s","case con fuente teros te-1033s, mini tower, micro-atx / mini-itx, usb-a, audio, 250w[",>20,17.50, ,"","D","teros"		
cases micro atx,"csm25bkte1034s","case con fuente teros te-1034s, mini tower, micro-atx / mini-itx, usb-a, audio, 250w[",>20,17.50, ,"","D","teros"		
cases micro atx,"csm25bkte1035s","case con fuente teros te-1035s, mini tower, micro-atx / mini-itx, usb-a, audio, 250w[",>20,17.50, ,"","D","teros"		
cases micro atx,"css25bkte1032s","case con fuente teros te-1032s, slim, 250w, micro-atx / mini-itx, usb-a, audio[@@@]ah",>20,25.90, ,"","D","teros"		
cases micro atx,"css25bkte1039s","case teros te-1039s, slim, 250 w, usb 3.0 / usb 2.0, audio hd, dvd, negro[@@@]present",2,25.00, ,"","D","teros"		
cases micro atx,"css35bkte1040cs","case teros te-1040s, tfx, 350 w, usb 3.0 / usb 2.0, soporta itx / micro-atx / mini-at",>20,58.00, ,"","D","teros"		
_______________,"_______________","__________________________________","__________"		
 ,"CODIGO","CASES SIN FUENTE P/GAMERS","STOCK","PREC DISTRIB US $","PREC S/.","FLETE ","GARAN","MARCA"		
cases sin fuente p/gamers,"csa00bkte1323g","case sin fuente gamer teros te-1323g, midtower, atx / micro-atx / itx, usb-a, audio[@",>20,28.00, ,"","D","teros"		
cases sin fuente p/gamers,"csa00bkte1330g","case sin fuente gamer teros te-1330g, mid tower, e-atx/atx/micro-atx/it, usb-a, audio",>20,28.00, ,"","D","teros"		
cases sin fuente p/gamers,"csa00bkte1332g","case sin fuente gamer teros te-1332g, mid tower, itx/micro-atx/atx, usb-a, audio[@@@]",>20,28.00, ,"","D","teros"		
cases sin fuente p/gamers,"csa00bkte1333g","case sin fuente gamer teros te-1333g, mid tower, atx/micro-atx/itx, usb-a, audio[@@@]",>20,28.00, ,"","D","teros"		
cases sin fuente p/gamers,"csasa31pwtargb","case asus a31 plus case white[@@@]motherboard - factor de forma soportados: mini-itx,",>20,72.21, ,"","F","asus"		
cases sin fuente p/gamers,"csasap202argbng","case asus prime ap202 argb black[@@@]motherboard - factor de forma soportados: micro-",>20,92.35, ,"","F","asus"		
cases sin fuente p/gamers,"csasgt302argbw","case asus tuf gaming gt302 argb[@@@]motherboard -factor de forma soportados: eatx (12",>20,100.95, ,"","F","asus"		
cases sin fuente p/gamers,"csaspa401wobe","case asus proart pa401 wood edition beige - tempered glass panel[@@@]motherboard - fa",19,106.85, ,"","F","asus"		
cases sin fuente p/gamers,"csasrsheliosii","case asus rog strix helios ii[@@@]motherboard - factor de forma soportados: mini-itx,",8,268.03, ,"","F","asus"		
cases sin fuente p/gamers,"csasrsheliosiiw","case asus rog strix helios white edition[@@@]motherboard - factor de forma soportados",7,279.30, ,"","F","asus"		
cases sin fuente p/gamers,"csgbc201pw","case gigabyte gb-c201p panoramic, mid tower, compatible con mini-itx/m-atx, color bla",1,46.96, ,"","F","gigabyte"		
cases sin fuente p/gamers,"csmsforge120aaf","case msi mag forge 120a airflow, mid tower[@@@]puertos: 2 x usb 3.2 gen 1 type-a  /  ",>20,42.50, ,"","F","msi"		
cases sin fuente p/gamers,"csmsforgem050a","case msi pro forge m050a, factor forma: mini tower, soporta: mini-itx/micro-atx[@@@]p",>20,26.70, ,"","F","msi"		
cases sin fuente p/gamers,"csmspano110rpzn","case msi mag pano 110r pz, mini-itx, micro-atx, atx, mid tower[@@@]puertos: 2 x usb 3",>20,64.30, ,"","F","msi"		
cases sin fuente p/gamers,"csmspano110rpzw","case msi mag pano 110r pz white, mini-itx, micro-atx, atx, mid tower[@@@]puertos: 2 x",>20,67.10, ,"","F","msi"		
cases sin fuente p/gamers,"csmspano130rpzn","case msi mag pano 130r pz/black, factor forma: mid-tower, soporta: mini-itx/micro-atx",>20,64.00, ,"","F","msi"		
cases sin fuente p/gamers,"csmspano130rpzw","case msi mag pano 130r pz/white, factor forma: mid-tower, soporta: mini-itx/micro-atx",>20,67.50, ,"","F","msi"		
cases sin fuente p/gamers,"zzcsa00bkte1323","case std atx te1323 black",12,999.00, ,"","D","microsoft oem"		
_______________,"_______________","__________________________________","__________"		
 ,"CODIGO","CASES, ACCESORIOS","STOCK","PREC DISTRIB US $","PREC S/.","FLETE ","GARAN","MARCA"		
cases, accesorios,"accaxadds539usb","panel usb de case, advance ds-539, usb 2.0 / 3.0.[@@@]compatible con el case csaxdkad",>20,4.33, ,"","D","advance computer corp"		
_______________,"_______________","__________________________________","__________"		
 ,"CODIGO","CASES, FUENTE CERTIFICADA","STOCK","PREC DISTRIB US $","PREC S/.","FLETE ","GARAN","MARCA"		
cases, fuente certificada,"psua10bkte1328g","fuente de alimentación gamer teros te-1328g, formato atx, 1000w 80 plus gold 155-240v",>20,74.00, ,"","D","teros"		
_______________,"_______________","__________________________________","__________"		
 ,"CODIGO","CASES, FUENTE PARA","STOCK","PREC DISTRIB US $","PREC S/.","FLETE ","GARAN","MARCA"		
cases, fuente para,"psua25bkte1324s","fuente de alimentación teros te-1324s, formato atx, 250w, 115v / 230v[@@@]descubre la",>20,9.70, ,"","D","teros"		
_______________,"_______________","__________________________________","__________"		
 ,"CODIGO","CASES, FUENTE PARA GAMING","STOCK","PREC DISTRIB US $","PREC S/.","FLETE ","GARAN","MARCA"		
cases, fuente para gaming,"psarpg-850psf","psu ar pg-850p 80+p fm sfx",5,165.00, ,"","P","asrock"		
cases, fuente para gaming,"psarsl-1200p","psu ar sl-1200p 80+p fm",3,163.00, ,"","P","asrock"		
cases, fuente para gaming,"psartc-1650t","fuente de alimentación asrock, tc-1650t, 1650w, atx, 80 plus titanium.[@@@]1 conector",3,400.00, ,"","P","asrock"		
cases, fuente para gaming,"psasap-850g","psu as ap-850g fm 80+ gold",>20,91.50, ,"","P","asus"		
cases, fuente para gaming,"psasrt1200p3gn","fuente de alimentación asus rog thor 1200w platinum iii, 80 plus platinum, formato at", ,371.00, ,"","P","asus"		
cases, fuente para gaming,"psastufgm1000gw","fuente de alimentación asus tuf gaming 1000w goldwhite edition, 80 plus gold, formato",6,136.00, ,"","P","asus"		
cases, fuente para gaming,"psgbp650gpg5","fuente de alimentación gigabyte p650g pcie 5.1, 650w, atx, 80 plus gold.[@@@]1 conect",>20,44.50, ,"","P","gigabyte"		
cases, fuente para gaming,"psgbp650ss","fuente de alimentación gigabyte p650ss , 650w, 80plus siver, formato atx.[@@@]", ,41.25, ,"","P","gigabyte"		
cases, fuente para gaming,"psgbp750bs","fuente de alimentación gigabyte p750bs, 750w, atx, 80 plus bronze, 100v ~ 240vac.[@@@",>20,56.00, ,"","P","gigabyte"		
cases, fuente para gaming,"psgbud1000gmp5w","fuente de alimentación gigabyte ud1000gm pg5 v2 ice 1000w, 80 plus gold, formato atx.",2,104.00, ,"","P","gigabyte"		
cases, fuente para gaming,"psmsa1200plspc5","fuente de alimentación msi mag a1200pls pcie5, 1200w, 80 plus platinum, formato atx.[",>20,131.60, ,"","P","msi"		
cases, fuente para gaming,"psmsa750bnp5iii","fuente de alimentación msi mag a750bn pcie5 iii, 750w, 80 plus bronze, formato atx.[@",12,53.00, ,"","P","msi"		
cases, fuente para gaming,"psua65bkte1325g","fuente de alimentación gamer teros te-1325g, formato atx, 650w 80 plus bronze 110-240",>20,32.00, ,"","D","teros"		
cases, fuente para gaming,"psua850bte1320s","fuente de alimentación teros te-1320s, formato atx, 850w 80 plus platinum, 110-240v[@",>20,61.00, ,"","D","teros"		
cases, fuente para gaming,"zzte7175wgola","fuen te7175n 750w 80 p g (amd)",2,222.00, ,"","D","amd-advanced micro device"		
_______________,"_______________","__________________________________","__________"		
 ,"CODIGO","COMERCIAL LASER","STOCK","PREC DISTRIB US $","PREC S/.","FLETE ","GARAN","MARCA"		
comercial laser,"7md67aakv","hp laser 111a printer laser",>20,68.00, ,"","W","hp comercial"		
_______________,"_______________","__________________________________","__________"		
 ,"CODIGO","COMERCIAL MATRICIAL","STOCK","PREC DISTRIB US $","PREC S/.","FLETE ","GARAN","MARCA"		
comercial matricial,"prepfx2190ii","impresora matricial epson fx-2190ii, matriz de 9 pines, paralelo / usb 2.0.[@@@]impre",4,578.00, ,"","W","epson - comercial"		
comercial matricial,"prepfx890ii","impresora matricial epson fx-890ii, matriz de 9 pines, paralelo / usb 2.0, 100v - 240",>20,500.00, ,"","W","epson - comercial"		
comercial matricial,"preplq590ii","impresora matricial epson lq-590ii, matriz de 24 pines, paralelo / usb 2.0, 100v - 24",3,412.00, ,"","W","epson - comercial"		
comercial matricial,"preplx350","impresora de matriz epson lx-350, matriz de 9 pines, velocidad máxima 347 cps (10 cpi",>20,230.00, ,"consultar","W","epson - comercial"		
_______________,"_______________","__________________________________","__________"		
 ,"CODIGO","COMERCIAL TANQUE TINTA","STOCK","PREC DISTRIB US $","PREC S/.","FLETE ","GARAN","MARCA"		
comercial tanque tinta,"bidc11cj80201","impresora de sublimacion epson surecolor f170, interfaz usb 2.0, inalambrica (802.11b",>20,267.00, ,"","W","epson - comercial"		
comercial tanque tinta,"bidc11cj80201-b","impresora de sublimación f170",1,256.50, ,"","W","epson - comercial"		
_______________,"_______________","__________________________________","__________"		
 ,"CODIGO","COMERCIAL TANQUE TINTA MU","STOCK","PREC DISTRIB US $","PREC S/.","FLETE ","GARAN","MARCA"		
comercial tanque tinta mu,"prepemc800","impresora epson mfp color workforce pro em-c800, imprime/escanea/copia/fax/usb/wlan/l",5,576.00, ,"","Y","epson - comercial"		
comercial tanque tinta mu,"prepl15150-n","multifuncional de tinta epson ecotank l15150, imprime/escanea/copia/fax/wi-fi/usb/eth",6,873.00, ,"","W","epson - comercial"		
comercial tanque tinta mu,"prepwfc5899","impresora multifuncional epson wf-m5899, imprime / escanea / copia / fax / lan / wifi",16,752.00, ,"","W","epson - comercial"		
_______________,"_______________","__________________________________","__________"		
 ,"CODIGO","COMERCIAL TICKETERA","STOCK","PREC DISTRIB US $","PREC S/.","FLETE ","GARAN","MARCA"		
comercial ticketera,"preptmm30iii","impresora térmica tiketera epson tm-m30iii, interfaz (modelo wifi + bluetooth)[@@@]co",>20,228.00, ,"","Y","epson - comercial"		
_______________,"_______________","__________________________________","__________"		
 ,"CODIGO","COMPONENTES, REPUESTOS","STOCK","PREC DISTRIB US $","PREC S/.","FLETE ","GARAN","MARCA"		
componentes, repuestos,"zzmset120ab650","etiqueta msi p/case 120a 650w", ,110.00, ,"","Z","msi"		
_______________,"_______________","__________________________________","__________"		
 ,"CODIGO","COMPUTADORA AIO CORE 5","STOCK","PREC DISTRIB US $","PREC S/.","FLETE ","GARAN","MARCA"		
computadora aio core 5,"pcas90pt03x7m07","aio asus p440vak-wpc1770, 23.8 fhd ips, core 5-210h 2.4/4.8ghz, 8gb ddr5, 512gb ssd[",>20,656.00, ,"","W","asus - comercial"		
computadora aio core 5,"pchpd2tt9laabm","aio hp omnistudio 24-cu0053la 23.8 fhd uwva ips/core 5 120u 5.0ghz/8gb ddr5/512gb ss",>20,763.00, ,"","W","hp consumo"		
_______________,"_______________","__________________________________","__________"		
 ,"CODIGO","COMPUTADORA AIO CORE 7","STOCK","PREC DISTRIB US $","PREC S/.","FLETE ","GARAN","MARCA"		
computadora aio core 7,"pcas90pt03w6m02","aio asus p470vak-bpe3540, 27 fhd ips, core 7-240h hasta 5.2ghz, 16gb ddr5, 1tb ssd[@", ,967.00, ,"","W","asus - comercial"		
computadora aio core 7,"pcas90pt03w7m02","aio asus p470vak-wpe0810, 27 fhd ips, core 7-240h de hasta 5.2ghz, 16gb ddr5, 1tb ss",>20,936.00, ,"","W","asus - comercial"		
computadora aio core 7,"pclen12sd009dls","aio lenovo thinkcentre neo 50a 24 gen 5, 23.8 fhd ips core 7 240h 2.5/5.2g 16gb ddr5",>20,1395.00, ,"","W","lenovo - thinkpad"		
_______________,"_______________","__________________________________","__________"		
 ,"CODIGO","COMPUTADORA AIO CORE i5","STOCK","PREC DISTRIB US $","PREC S/.","FLETE ","GARAN","MARCA"		
computadora aio core i5,"pclenf0hm00mwld","all-in-one lenovo ideacentre 27irh9 27 fhd ips core i5-13420h hasta 4.6ghz 16gb ddr5",>20,717.50, ,"","W","lenovo - idea"		
computadora aio core i5,"pclenf0hn00mtld","aio lenovo ideacentre 24irh9, 23.8” fhd ips, corei5-13420h hasta 4.6ghz, 8gb ddr5 sod",>20,675.50, ,"","W","lenovo - idea"		
_______________,"_______________","__________________________________","__________"		
 ,"CODIGO","COMPUTADORA AIO CORE I7","STOCK","PREC DISTRIB US $","PREC S/.","FLETE ","GARAN","MARCA"		
computadora aio core i7,"pcad3a0p71021b8","aio a4730 i7 14/16gb/1tb/w11", ,9999999.99, ,"","P","advance computer corp"		
computadora aio core i7,"pcas90pt03w7m6","aio asus p470vak-wpe0210, 27 fhd ips, core i7-13620h hasta 4.9ghz, 16gb ddr5, 512gb ",7,963.00, ,"","W","asus - comercial"		
computadora aio core i7,"pclenf0hm00xkld","all-in-one lenovo ideacentre aio 27irh9 27 fhd ips core i7-13620h hasta 4.9ghz 16gb ",>20,781.00, ,"","W","lenovo - idea"		
computadora aio core i7,"pclenf0hn00mjld","aio lenovo ideacentre 24irh9, 23.8 fhd ips, corei7-13620h hasta 4.9ghz, 16gb ddr5-52",>20,728.50, ,"","W","lenovo - idea"		
computadora aio core i7,"pclf0hmx00mr1-b","aio lenovo ideacentre 27irh9/27 fhd ips/core i7-13620h hasta 4.9g/16g ddr5/512g ssd ", ,697.00, ,"","C","lenovo - idea"		
_______________,"_______________","__________________________________","__________"		
 ,"CODIGO","COMPUTADORA AIO RYZEN 5","STOCK","PREC DISTRIB US $","PREC S/.","FLETE ","GARAN","MARCA"		
computadora aio ryzen 5,"pchpd2tu6laabm","aio hp omnistudio 24-cv0053la 23.8 fhd uwva ips/ryzen 5 40 4.3g/8gb lpddr5x/512gb ss",>20,698.00, ,"","W","hp consumo"		
computadora aio ryzen 5,"pclenf0hr009uld","all-in-one lenovo ideacentre aio 24arr9, 23.8 fhd ips ryzen 5 7535hs 3.3/4.5ghz, 8gb",3,654.00, ,"","W","lenovo - idea"		
_______________,"_______________","__________________________________","__________"		
 ,"CODIGO","COMPUTADORA AIO RYZEN 7","STOCK","PREC DISTRIB US $","PREC S/.","FLETE ","GARAN","MARCA"		
computadora aio ryzen 7,"pclenf0hq0096ld","all-in-one lenovo ideacentre 27arr9, 27 fhd ips amd ryzen 7 7735hs 3.2/4.75ghz, 16gb",>20,690.00, ,"","W","lenovo - idea"		
computadora aio ryzen 7,"pclenf0hr009qld","all-in-one lenovo ideacentre 24arr9, 23.8 fhd ips, amd ryzen 7 7735hs 4.75ghz, 16gb ",>20,641.00, ,"","W","lenovo - idea"		
computadora aio ryzen 7,"pclenf0hr009sld","all-in-one lenovo ideacentre 24arr9, 23.8 fhd ips, amd ryzen 7 7735hs 4.75ghz, 16gb ",7,715.00, ,"","W","lenovo - idea"		
_______________,"_______________","__________________________________","__________"		
 ,"CODIGO","COMPUTADORA AIO ULTRA 7","STOCK","PREC DISTRIB US $","PREC S/.","FLETE ","GARAN","MARCA"		
computadora aio ultra 7,"pchpccl7u6ltabm","aio hp prostudio 4 g1i con ia, 23.8 fhd ips, core ultra 7 265t 5.2ghz/24gb ddr5/512g",>20,1145.00, ,"","W","hp comercial"		
_______________,"_______________","__________________________________","__________"		
 ,"CODIGO","COMPUTADORA AMD RYZEN 5","STOCK","PREC DISTRIB US $","PREC S/.","FLETE ","GARAN","MARCA"		
computadora amd ryzen 5,"pcad1vr580020b1","pc advance vission vr5850 amd ryzen 5 8500g 3.50/5.00ghz 16mb cache 6 nucleos 12 sub ",9,677.00, ,"","D","advance computer corp"		
computadora amd ryzen 5,"pchpaf9w4lta-b","computadora hp elite sff 805 g9, amd ryzen 5 8600g 4.3/5.0ghz, 16gb ddr5-5600[@@@]alm",1,846.00, ,"","W","hp comercial"		
computadora amd ryzen 5,"pchpaf9w4ltabm","computadora hp elite sff 805 g9, amd ryzen 5 8600g 4.3/5.0ghz, 16gb ddr5-5600[@@@]alm",11,848.00, ,"","W","hp comercial"		
_______________,"_______________","__________________________________","__________"		
 ,"CODIGO","COMPUTADORA AMD RYZEN 7","STOCK","PREC DISTRIB US $","PREC S/.","FLETE ","GARAN","MARCA"		
computadora amd ryzen 7,"pcad1vo127102r7","pc advance vo1270, amd ryzen 7 5700g 3.80.ghz amdam4 tdp 65 watt 8 core, 16mb l3[@@@]",2,527.00, ,"","D","advance computer corp"		
computadora amd ryzen 7,"pcad1vr780020b0","pc advance vission vr7850 amd ryzen 7 8700g 4.20/5.10ghz 16mb cache 8 nucleos 16 sub ",5,777.00, ,"","D","advance computer corp"		
_______________,"_______________","__________________________________","__________"		
 ,"CODIGO","COMPUTADORA CORE 5","STOCK","PREC DISTRIB US $","PREC S/.","FLETE ","GARAN","MARCA"		
computadora core 5,"pclen13c5000xls","computadora lenovo thinkcentre neo 50q gen 5, core 5 210h 4.8ghz, 16gb ddr5-5600, 512",>20,925.00, ,"","W","lenovo - thinkpad"		
_______________,"_______________","__________________________________","__________"		
 ,"CODIGO","COMPUTADORA CORE i5","STOCK","PREC DISTRIB US $","PREC S/.","FLETE ","GARAN","MARCA"		
computadora core i5,"pcad1vh250t11h5","pc advance vission vh2560, intel core i5-12400 2.50/4.40ghz 18mb smartcaché, 117w[@@@",7,586.00, ,"","D","advance computer corp"		
computadora core i5,"pchpa59xgltabm","pc hp mini/i5-14500t/16/1/w11p",>20,797.00, ,"","W","hp comercial"		
computadora core i5,"pcmad1ve1201031","pc ad vission essential e1 1220hx, intel i5-14450hx 2.40.ghz pcore 4.80ghz 20mb cache",1,547.00, ,"","D","advance computer corp"		
_______________,"_______________","__________________________________","__________"		
 ,"CODIGO","COMPUTADORA CORE i7","STOCK","PREC DISTRIB US $","PREC S/.","FLETE ","GARAN","MARCA"		
computadora core i7,"pcas90pf05j1m05","pc mini tower asus d701mer-7147004120/core i7-14700 5.3ghz/16gb ddr5/1tb ssd/rtx 5060",>20,1492.00, ,"","W","asus - comercial"		
computadora core i7,"pchp8c1x1ltabm","computadora hp prodesk sff 400 g9, core i7-13700 2.10/5.10ghz 16gb ddr4-3200mhz udimm", ,896.00, ,"","W","hp comercial"		
computadora core i7,"pchp8y974lsabm","computadora hp prodesk sff 400 g9, core i7-13700 2.10/5.10ghz 16gb ddr4-3200mhz udimm", ,896.00, ,"","W","hp comercial"		
computadora core i7,"pclen13c50010ls","computadora lenovo thinkcentre neo 50q gen 5, core 7 240h 2.5/5.2ghz, 16gb ddr5-5600[",>20,1176.00, ,"","W","lenovo - thinkpad"		
_______________,"_______________","__________________________________","__________"		
 ,"CODIGO","COMPUTADORA ULTRA 5","STOCK","PREC DISTRIB US $","PREC S/.","FLETE ","GARAN","MARCA"		
computadora ultra 5,"pcas90pf05e1m0p","pc sff asus d700sf-005225155x, core ultra 5 225 3.3/4.9ghz, 16gb ddr5-5600mt/s,512gb ",>20,978.00, ,"","W","asus - comercial"		
computadora ultra 5,"pcgmterlu5a01g0","pc gaming teros legend u50 g1, intel core u5 225f3.30/4.90ghz, 20mb smart cache[@@@]p",9,1032.00, ,"","D","teros"		
computadora ultra 5,"pchpd90sratabm","pc hp pd4/u5-235/16/512/w11p",>20,1155.50, ,"","W","hp comercial"		
computadora ultra 5,"pclen13dl000ald","pc neo 50s/u5-225/16/512/fre/1",>20,725.00, ,"","W","lenovo - thinkpad"		
computadora ultra 5,"pclen13dl000bld","pc neo 50s/u5-225/16/1/free/1",>20,797.50, ,"","W","lenovo - thinkpad"		
computadora ultra 5,"pclen13dl000cld","pc neo 50s/u5-225/8/512/free/1",>20,693.00, ,"","W","lenovo - thinkpad"		
_______________,"_______________","__________________________________","__________"		
 ,"CODIGO","COMPUTADORA ULTRA 7","STOCK","PREC DISTRIB US $","PREC S/.","FLETE ","GARAN","MARCA"		
computadora ultra 7,"pcad1wo147131u7","workstation advance wo1470, intel core ultra 7 265k 3.90.ghz 5.50ghz 30mb cache[@@@]1",9,1197.00, ,"","D","advance computer corp"		
computadora ultra 7,"pcas90pf05e1m00","pc sff asus d700sf-007265038x, core ultra 7 265 2.4/5.3ghz, 16gb ddr5-5600mt/s,1tb ss", ,1031.00, ,"","W","asus - comercial"		
computadora ultra 7,"pcas90pf05e1m09","pc sff asus d700sf-007265196x/core ultra 7 265 hasta 5.3g/16gb ddr5/1tb ssd m.2/dvd-w", ,1424.00, ,"","W","asus - comercial"		
computadora ultra 7,"pcas90pf05g1m00","pc sff asus d900sf-007265051x, core ultra 7 265 5.3ghz vpro/16gb ddr5/1tb ssd m.2/rtx", ,1569.00, ,"","W","asus - comercial"		
computadora ultra 7,"pcgmterlu7a01g0","pc gaming teros legend u70, g1, intel core u7 265f 2.40/5.30ghz, 30mb smart cache[@@@",9,1580.00, ,"","D","teros"		
computadora ultra 7,"pchpc09l3lsabm","computadora hp prodesk 4 sff g1i ai, core ultra 7265 2.4/5.3ghz, 16gb(1x16gb)ddr5-560",>20,1295.00, ,"","W","hp comercial"		
computadora ultra 7,"pclen12yj0003ls","computadora lenovo thinkcentre m70s gen 6, core ultra 7 265 hasta 5.4ghz, 16gb ddr5-5",>20,1425.00, ,"","W","lenovo - thinkpad"		
computadora ultra 7,"pclen13c50011ls","computadora lenovo thinkcentre neo 50q gen 5/core7 240h 5.2ghz/16gb ddr5-5600/1tb ssd",>20,1332.00, ,"","W","lenovo - thinkpad"		
computadora ultra 7,"pclen13dl0008ld","computadora lenovo thinkcentre neo 50s gen 6,coreu7 265 5.3ghz, 16gb ddr5-5600mhz[@@@",>20,1265.00, ,"","W","lenovo - thinkpad"		
computadora ultra 7,"pclen13dl0009ld","computadora lenovo thinkcentre neo 50s gen 6, core u7-265 5.3ghz, 16gb ddr5-5600mhz[@",>20,1074.00, ,"","W","lenovo - thinkpad"		
computadora ultra 7,"pclen13dl000jls","computadora lenovo thinkcentre neo 50s gen 6, core u7-265 5.3ghz, 16gb ddr5-5600mhz[@",19,1364.00, ,"","W","lenovo - thinkpad"		
computadora ultra 7,"pclen13hr001wls","computadora lenovo thinkcentre neo 50q gen 6/coreultra 7 256v 4.8ghz/16gb lpddr5x/1tb",>20,1217.00, ,"","W","lenovo - thinkpad"		
computadora ultra 7,"pclen13hr001xls","pc neo 50q tiny/u7/16/512/w11p",>20,1055.00, ,"","W","lenovo - thinkpad"		
_______________,"_______________","__________________________________","__________"		
 ,"CODIGO","COMPUTADORA ULTRA 9","STOCK","PREC DISTRIB US $","PREC S/.","FLETE ","GARAN","MARCA"		
computadora ultra 9,"pcad1wo149002u9","workstation advance wo1490, intel core ultra 9 285k 3.70.ghz 5.70ghz 36mb cache[@@@]1",2,1497.00, ,"","D","advance computer corp"		
_______________,"_______________","__________________________________","__________"		
 ,"CODIGO","COMPUTADORA WORKSTATION","STOCK","PREC DISTRIB US $","PREC S/.","FLETE ","GARAN","MARCA"		
computadora workstation,"wsas90pf05d1m01","mini tower asus d700mf-007265322x/core ultra 7 265 5.3g/16gb ddr5/1tb ssd m.2/rtx 506",>20,1982.00, ,"","W","asus - comercial"		
computadora workstation,"wshpa28nwlsabm","workstation hp z2 g9 sff/core i9-14900 2/5.4ghz/32gb ddr5-4800/1tb ssd m.2 + 2tb hdd ",4,1675.00, ,"","W","hp comercial"		
computadora workstation,"wshpbk8s6ltabm","workstation hp z2 sff g1i, core ultra 9 285 2.5/5.4ghz /16gb ddr5/1tb ssd m.2/dvd-wri",6,2096.00, ,"","W","hp comercial"		
computadora workstation,"wshpbp1q1ltabm","workstation hp z2 tower g1i, core ultra 7 265 2.4/ 5.3ghz/32gb ddr5/1tb ssd m.2/dvd-r", ,2535.00, ,"","W","hp comercial"		
computadora workstation,"wshpc08vpltabm","workstation hp z2 tower g1i, core ultra 7 265k 3.9 / 5.5ghz/32gb ddr5/1tb ssd m.2/dvd", ,2655.00, ,"","W","hp comercial"		
computadora workstation,"wsle30jr000wlm","wks p2 u7-265k/16/512/v4/w11p",>20,2235.00, ,"","W","lenovo - thinkpad"		
computadora workstation,"wslen30hs001hlm","workstation lenovo thinkstation p3 tower gen 2, core ultra 7 265k hasta 5.5ghz 32gb d",>20,4103.00, ,"","W","lenovo - thinkpad"		
computadora workstation,"wslen30hss9x800","wks p3 tw/u7-265k/32/512/v4/wp",5,2295.00, ,"","W","lenovo - thinkpad"		
computadora workstation,"wslen30jr000tlm","workstation lenovo thinkstation p2 tower gen 2, core ultra 7 265k hasta 5.5ghz 32gb d",>20,2985.00, ,"","W","lenovo - thinkpad"		
computadora workstation,"wslen30jr000ulm","workstation lenovo thinkstation p2 tower gen 2, core ultra 7 265k hasta 5.5ghz 32gb d",>20,3073.00, ,"","W","lenovo - thinkpad"		
computadora workstation,"wslen30jr000vlm","workstation lenovo thinkstation p2 tower core ultra 9 285k hasta 5.7ghz 32gb ddr5-560",20,3075.00, ,"","W","lenovo - thinkpad"		
computadora workstation,"wslen30jr000wlm","workstation lenovo thinkstation p2 tower gen 2, core ultra 7 265k hasta 5.5ghz 16gb d",3,1985.00, ,"","W","lenovo - thinkpad"		
_______________,"_______________","__________________________________","__________"		
 ,"CODIGO","CONSUMO TANQUE TINTA","STOCK","PREC DISTRIB US $","PREC S/.","FLETE ","GARAN","MARCA"		
consumo tanque tinta,"prepl1250-n","impresora de tinta epson ecotank l1250, imprime /inalambrica / usb de alta velocidad[",5,126.50, ,"","Y","epson"		
consumo tanque tinta,"prepl1350","imp epson ecotank l1350",>20,129.00, ,"","Y","epson"		
consumo tanque tinta,"prepm1120-n","impresora de tinta continua epson ecotank m1120, 32 ppm, 1440x720 dpi, usb 2.0 / wi-f",>20,153.00, ,"","W","epson"		
_______________,"_______________","__________________________________","__________"		
 ,"CODIGO","CONSUMO TANQUE TINTA MULT","STOCK","PREC DISTRIB US $","PREC S/.","FLETE ","GARAN","MARCA"		
consumo tanque tinta mult,"prepl14150","multifuncional de tinta epson ecotank l14150, imprime/escanea/copia/fax/wi-fi/usb/eth",3,523.00, ,"","W","epson"		
consumo tanque tinta mult,"prepl3250-b","imppresora epson multifu l3250", ,177.00, ,"","W","epson"		
consumo tanque tinta mult,"prepl3250-oem","imp epson multifun l3250",1,164.00, ,"","W","epson"		
consumo tanque tinta mult,"prepl3310","imp epson multifun l3310",>20,152.00, ,"","Y","epson"		
consumo tanque tinta mult,"prepl3350","imp epson multifun l3350 black",>20,188.00, ,"","Y","epson"		
consumo tanque tinta mult,"prepl3352w","imp epson multifun l3350 white",>20,188.00, ,"","Y","epson"		
consumo tanque tinta mult,"prepl4360","multifuncional de tinta epson ecotank l4360, imprime/escanea/copia/wi-fi/usb[@@@]la e",>20,203.00, ,"","Y","epson"		
consumo tanque tinta mult,"prepl4360-b","imp epson multifunc l4360",1,197.00, ,"","Y","epson"		
consumo tanque tinta mult,"prepl5590-n","impresora multifuncional epson ecotank l5590, imprime/escanea/copia/fax/usb/lan/wi-fi",>20,226.00, ,"","Y","epson"		
consumo tanque tinta mult,"prepl6370","multifuncional de tinta epson ecotank l6370, imprime/escanea/copia/wi-fi/ethernet/usb", ,315.20, ,"","Y","epson"		
consumo tanque tinta mult,"prepl8160","multifuncional de tinta epson ecotank l8160, imprime/escanea/copia, lan/wi-fi/usb 2.0",>20,432.00, ,"","W","epson"		
consumo tanque tinta mult,"prepm2170-n","multifuncional de tinta epson ecotank et-m2170, imprime/escanea/copia, usb/lan/wifi.[",>20,272.00, ,"","W","epson"		
consumo tanque tinta mult,"prepwfcm3170-n","multifuncional de tinta epson ecotank et-m3170, imprime/escanea/copia/fax, usb/lan/wi",>20,290.00, ,"","W","epson"		
consumo tanque tinta mult,"prhp1f3y2a","impresora all-in-one de tinta hp smart tank 580, imprime, escanea, copia/wi-fi/bt/usb",>20,150.00, ,"","W","hp consumo"		
consumo tanque tinta mult,"prhp1f3y2a-b","impresora all-in-one de tinta hp smart tank 580, imprime, escanea, copia/wi-fi/bt/usb",3,142.50, ,"","W","hp consumo"		
consumo tanque tinta mult,"prhp4sb24a-b","impresora all-in-one de tinta hp smart tank 530, imprime/escanea/copia/wi-fi/bt/usb 2",>20,164.30, ,"","W","hp consumo"		
consumo tanque tinta mult,"prhpsmart750","multifuncional de tinta hp smart tank 750, impresión/escaneo/copia/wi-fi/bluetooth le",1,286.00, ,"","W","hp consumo"		
consumo tanque tinta mult,"prhpsmart790","mltifuncional de tinta hp smart tank 790, imprime/escanea/copia/fax/wi-fi/usb/etherne",>20,318.00, ,"","Y","hp consumo"		
consumo tanque tinta mult,"prhpst585","multifuncional de tinta hp smart tank 585, impresión/escaneo/copia/wi-fi/bluetooth le",>20,150.00, ,"","Y","hp consumo"		
consumo tanque tinta mult,"prhpst585-b","impresora hp smart tank 585",3,142.50, ,"","Y","hp consumo"		
consumo tanque tinta mult,"prhpst585a","impresora hp smart tank 585",>20,150.00, ,"","Y","hp consumo"		
consumo tanque tinta mult,"prhpst725","multifuncional de tinta hp smart tank 725, impresión/escaneo/copia/wi-fi/bluetooth le",>20,206.00, ,"","Y","hp consumo"		
_______________,"_______________","__________________________________","__________"		
 ,"CODIGO","COOLER LIQUIDO CPU 240","STOCK","PREC DISTRIB US $","PREC S/.","FLETE ","GARAN","MARCA"		
cooler liquido cpu 240,"accpute8164n","cooler para procesador teros te-8164n, intel y amd, tdp 265w máx, 24, líquida[@@@]man",>20,42.20, ,"","D","teros"		
cooler liquido cpu 240,"acgblqgme240","refrigerador líquido de cpu gigabyte gp-gigabyte gme 240[@@@]el refrigerador de líqui",>20,52.43, ,"","F","gigabyte"		
cooler liquido cpu 240,"acgblqgme240w","refrigerador líquido de cpu gigabyte gp-gigabyte gme 240 white[@@@]el refrigerador de",>20,55.72, ,"","F","gigabyte"		
cooler liquido cpu 240,"acmscorlqa13240","refrigeracion líquida msi mag coreliquid a13 240 / black / cantidad de ventiladores: ",>20,51.00, ,"","P","msi"		
cooler liquido cpu 240,"acmscorlqa1324w","refrigeracion líquida msi mag coreliquid a13 240 white / cantidad de ventiladores: 2[",>20,55.90, ,"","F","msi"		
cooler liquido cpu 240,"acmscorlqe240w","refrigeracion líquida msi mag coreliquid e240 / cantidad de ventiladores: 2, color bl",1,86.50, ,"","F","msi"		
_______________,"_______________","__________________________________","__________"		
 ,"CODIGO","COOLER LIQUIDO CPU 280","STOCK","PREC DISTRIB US $","PREC S/.","FLETE ","GARAN","MARCA"		
cooler liquido cpu 280,"accmmlwd24ma18p","refrigeracion líquida cooler master masterliquid 240l core argb, numero de ventilador",7,49.00, ,"","D","cooler master"		
_______________,"_______________","__________________________________","__________"		
 ,"CODIGO","COOLER LIQUIDO CPU 360","STOCK","PREC DISTRIB US $","PREC S/.","FLETE ","GARAN","MARCA"		
cooler liquido cpu 360,"acaslcpr360argw","refrigerador líquido para cpu asus prime lc 360 argb white edition[@@@]el refrigerado", ,79.50, ,"","P","asus"		
cooler liquido cpu 360,"acaslcryiii36rx","refrigerador líquido de cpu asus rog ryujin iii 360 argb extreme[@@@]el refrigerador ",11,309.00, ,"","F","asus"		
cooler liquido cpu 360,"acaslctiii360aw","refrigerador líquido para cpu asus tuf gaming lc iii 360 argb white edition[@@@]el re", ,101.60, ,"","P","asus"		
cooler liquido cpu 360,"acgblqgme360n","refrigerador líquido de cpu gigabyte gp-gigabyte gme 360[@@@]el refrigerador de líqui",>20,61.19, ,"","F","gigabyte"		
cooler liquido cpu 360,"acgblqgme360w","refrigerador líquido de cpu gigabyte gp-gigabyte gme 360 white[@@@]el refrigerador de",>20,62.30, ,"","F","gigabyte"		
cooler liquido cpu 360,"acmscorlqa12360","refrigerador líquido de cpu msi mag coreliquid a12 360[@@@]el refrigerador de líquido",>20,52.60, ,"","F","msi"		
cooler liquido cpu 360,"acmscorlqa13360","refrigerador líquido de cpu msi mag coreliquid a13 360[@@@]el refrigerador de líquido",>20,59.35, ,"","P","msi"		
cooler liquido cpu 360,"acmscorlqa15360","refrigerador líquido de cpu msi mag coreliquid a15 360[@@@]el refrigerador de líquido",>20,69.30, ,"","F","msi"		
cooler liquido cpu 360,"acmscorlqc3602w","refrigerador líquido de cpu msi mag coreliquid c360 v2 white (3-fans)[@@@]el refriger",2,72.70, ,"","F","msi"		
cooler liquido cpu 360,"acmscorlqc360v2","refrigerador líquido de cpu msi mag coreliquid c360 v2[@@@]el refrigerador líquido ma",6,72.00, ,"","F","msi"		
_______________,"_______________","__________________________________","__________"		
 ,"CODIGO","CPU AMD RYZEN 3 SAM4 3XXX","STOCK","PREC DISTRIB US $","PREC S/.","FLETE ","GARAN","MARCA"		
cpu amd ryzen 3 sam4 3xxx,"cpam4r33200gto","procesador amd ryzen 3 3200g, 3.60ghz, 4mb l3, 4 core, am4, 14nm, 65 w.[@@@]integra v",>20,110.00, ,"","D","amd - oem"		
_______________,"_______________","__________________________________","__________"		
 ,"CODIGO","CPU AMD RYZEN 5 SAM4 3XXX","STOCK","PREC DISTRIB US $","PREC S/.","FLETE ","GARAN","MARCA"		
cpu amd ryzen 5 sam4 3xxx,"cpam4r53400go","procesador amd ryzen 5 3400g, 3.70 / 4.20 ghz, 4mb l3, 4 core, am4, 12nm, 65w.[@@@]in", ,223.00, ,"","D","amd - oem"		
_______________,"_______________","__________________________________","__________"		
 ,"CODIGO","CPU AMD RYZEN 5 SAM5 7XXX","STOCK","PREC DISTRIB US $","PREC S/.","FLETE ","GARAN","MARCA"		
cpu amd ryzen 5 sam5 7xxx,"cpam5r57600x","procesador amd ryzen 5 7600x 4.7/5.3ghz, 32mb l3,6-core, am5, 5nm, 105w.[@@@]integra ",>20,208.75, ,"","P","amd-advanced micro device"		
_______________,"_______________","__________________________________","__________"		
 ,"CODIGO","CPU AMD RYZEN 5 SAM5 8XXX","STOCK","PREC DISTRIB US $","PREC S/.","FLETE ","GARAN","MARCA"		
cpu amd ryzen 5 sam5 8xxx,"cpam5r58500g","procesador amd ryzen 5 8500g 3.50 / 5.00 ghz, 16mb l3 cache, 6-cores, 4nm, tdp: 65w[@",>20,127.50, ,"","P","amd-advanced micro device"		
cpu amd ryzen 5 sam5 8xxx,"cpam5r58600g","procesador amd ryzen 5 8600g 4.30 / 5.00 ghz, 16mb l3 cache, 6-cores, 4nm, tdp: 65w[@",>20,156.30, ,"","P","amd-advanced micro device"		
_______________,"_______________","__________________________________","__________"		
 ,"CODIGO","CPU AMD RYZEN 5 SAM5 9XXX","STOCK","PREC DISTRIB US $","PREC S/.","FLETE ","GARAN","MARCA"		
cpu amd ryzen 5 sam5 9xxx,"cpam5r59600x","procesador amd ryzen 5 9600x 3.90 / 5.40 ghz, 32mb l3 cache, 6-cores, 4nm, tdp: 65w[@",>20,216.00, ,"","P","amd-advanced micro device"		
_______________,"_______________","__________________________________","__________"		
 ,"CODIGO","CPU AMD RYZEN 7 SAM4 5XXX","STOCK","PREC DISTRIB US $","PREC S/.","FLETE ","GARAN","MARCA"		
cpu amd ryzen 7 sam4 5xxx,"cpam4nr75700","procesador amd ryzen 7 5700, 3.70 / 4.60ghz, 16mbl3, 8-core, am4, 7nm, 65w.[@@@]no in",1,134.70, ,"","P","amd-advanced micro device"		
cpu amd ryzen 7 sam4 5xxx,"cpam4r75700g","procesador amd ryzen 7 5700g, 3.80 / 4.60ghz, 16mb l3, 8-core, am4, 7nm, 65w.[@@@]inc",>20,175.80, ,"","P","amd-advanced micro device"		
_______________,"_______________","__________________________________","__________"		
 ,"CODIGO","CPU AMD RYZEN 7 SAM5 7XXX","STOCK","PREC DISTRIB US $","PREC S/.","FLETE ","GARAN","MARCA"		
cpu amd ryzen 7 sam5 7xxx,"cpam5nr77700","procesador amd ryzen 7 7700 3.8 / 5.3ghz, 32mb l3, 8-cores, am5, 65w.[@@@]integra con",>20,290.00, ,"","P","amd-advanced micro device"		
cpu amd ryzen 7 sam5 7xxx,"cpam5r77700x","procesador amd ryzen 7 7700x 4.5/5.4ghz, 32mb l3,8-core, am5, 105w.[@@@]integra contr",>20,308.50, ,"","P","amd-advanced micro device"		
cpu amd ryzen 7 sam5 7xxx,"cpam5r77700x3d","procesador amd ryzen 7 7700x3d 4.00 / 4.50 ghz, 96mb l3 cache, 8-cores, 5nm, tdp: 120",>20,322.70, ,"","P","amd-advanced micro device"		
cpu amd ryzen 7 sam5 7xxx,"cpam5r77800x3d","procesador amd ryzen 7 7800x3d 4.20 / 5.00 ghz, 96mb l3 cache, 8-cores, 5nm, tdp: 120",>20,395.00, ,"","P","amd-advanced micro device"		
_______________,"_______________","__________________________________","__________"		
 ,"CODIGO","CPU AMD RYZEN 7 SAM5 8XXX","STOCK","PREC DISTRIB US $","PREC S/.","FLETE ","GARAN","MARCA"		
cpu amd ryzen 7 sam5 8xxx,"cpam5r78700f","procesador amd ryzen 7 8700f 4.10 / 5.00 ghz, 16mb l3 cache, 8-cores, 4nm, tdp: 65w[@",>20,211.50, ,"","P","amd-advanced micro device"		
cpu amd ryzen 7 sam5 8xxx,"cpam5sr78700g","procesador amd ryzen 7 8700g 4.20 / 5.10 ghz, 16mb l3 cache, 8-cores, 4nm, tdp: 65w[@",>20,215.70, ,"","P","amd-advanced micro device"		
_______________,"_______________","__________________________________","__________"		
 ,"CODIGO","CPU AMD RYZEN 7 SAM5 9XXX","STOCK","PREC DISTRIB US $","PREC S/.","FLETE ","GARAN","MARCA"		
cpu amd ryzen 7 sam5 9xxx,"cpam5r79700x","procesador amd ryzen 7 9700x 3.80 / 5.50 ghz, 32mb l3 cache, 6-cores, 4nm, tdp: 65w[@",2,318.40, ,"","P","amd-advanced micro device"		
cpu amd ryzen 7 sam5 9xxx,"cpam5r79800x3d","procesador amd ryzen 7 9800x3d, 4.7ghz, 96mb l3, 8 core, am5, 4nm, 120w.[@@@]integra ",>20,460.00, ,"","P","amd-advanced micro device"		
cpu amd ryzen 7 sam5 9xxx,"cpam5r79850x3d","procesador amd ryzen 7 9850x3d, 4.7 / 5.6ghz, 96mb cache l3, 8-cores, am5, 4nm, tdp: ",16,486.00, ,"","P","amd-advanced micro device"		
_______________,"_______________","__________________________________","__________"		
 ,"CODIGO","CPU AMD RYZEN 9 SAM5 7XXX","STOCK","PREC DISTRIB US $","PREC S/.","FLETE ","GARAN","MARCA"		
cpu amd ryzen 9 sam5 7xxx,"cpam5r97900x","procesador amd ryzen 9 7900x 4.7/5.6ghz, 64mb l3,12-core, am5, 5nm, 170w.[@@@]integra",>20,357.00, ,"","P","amd-advanced micro device"		
_______________,"_______________","__________________________________","__________"		
 ,"CODIGO","CPU AMD RYZEN 9 SAM5 9XXX","STOCK","PREC DISTRIB US $","PREC S/.","FLETE ","GARAN","MARCA"		
cpu amd ryzen 9 sam5 9xxx,"cpam5r9900x3d","procesador amd ryzen 9 9900x3d 4.40 / 5.50 ghz, 128 mb l3 cache, 12-cores, 4nm, tdp: ",2,579.00, ,"","P","amd-advanced micro device"		
cpu amd ryzen 9 sam5 9xxx,"cpam5r99900x","procesador amd ryzen 9 9900x 4.40 / 5.60 ghz, 64mb l3 cache, 12-cores, 4nm, tdp: 120w",14,400.00, ,"","P","amd-advanced micro device"		
cpu amd ryzen 9 sam5 9xxx,"cpam5r99950x","procesador amd ryzen 9 9950x 4.30 / 5.70 ghz, 64mb l3 cache, 16-cores, 4nm, tdp: 170w",>20,565.00, ,"","P","amd-advanced micro device"		
cpu amd ryzen 9 sam5 9xxx,"cpam5r99950x3d","procesador amd ryzen 9 9950x3d 4.30 / 5.70 ghz, 128 mb l3 cache, 16-cores, 4nm, tdp: ",>20,666.00, ,"","P","amd-advanced micro device"		
_______________,"_______________","__________________________________","__________"		
 ,"CODIGO","CPU CI3 12XXX S1700","STOCK","PREC DISTRIB US $","PREC S/.","FLETE ","GARAN","MARCA"		
cpu ci3 12xxx s1700,"cpili312100f","procesador intel core i3-12100f, 3.30/4.30ghz, 12mb smartcaché, lga1700, intel 7(10nm",4,94.20, ,"","W","intel corp"		
_______________,"_______________","__________________________________","__________"		
 ,"CODIGO","CPU CI3 14XXX S1700","STOCK","PREC DISTRIB US $","PREC S/.","FLETE ","GARAN","MARCA"		
cpu ci3 14xxx s1700,"cpili314100","procesador intel core i3-14100 3.50/4.70ghz, 12 mb intel smart caché, lga1700, 60w/11",>20,138.80, ,"","W","intel corp"		
cpu ci3 14xxx s1700,"cpili314100f","procesador intel core i3-14100f 3.50/4.70ghz, 12 mb intel smart caché, lga1700, 58w/1",>20,101.60, ,"","W","intel corp"		
_______________,"_______________","__________________________________","__________"		
 ,"CODIGO","CPU CI5 12XXX S1700","STOCK","PREC DISTRIB US $","PREC S/.","FLETE ","GARAN","MARCA"		
cpu ci5 12xxx s1700,"cpili512400","procesador intel core i5-12400, 2.50/4.40ghz 18mbsmartcaché, lga1700, 117w, intel 7(1",1,237.00, ,"","W","intel corp"		
cpu ci5 12xxx s1700,"cpili512400f","procesador intel core i5-12400f, 2.50/4.40ghz, 18mb caché l3, lga1700, 117w, intel 7(",>20,145.30, ,"","W","intel corp"		
cpu ci5 12xxx s1700,"cpiti512400t2","procesador intel core i5-12400, 2.50/4.40ghz 18mbsmartcaché, lga1700, 117w, intel 7(1", ,239.00, ,"","D","intel oem"		
_______________,"_______________","__________________________________","__________"		
 ,"CODIGO","CPU CI5 14XXX S1700","STOCK","PREC DISTRIB US $","PREC S/.","FLETE ","GARAN","MARCA"		
cpu ci5 14xxx s1700,"cpili514400f","procesador intel core i5-14400f 2.50/4.70ghz, 20 mb intel smart caché, lga1700, 65w/1",13,174.40, ,"","W","intel corp"		
cpu ci5 14xxx s1700,"cpili514600k","procesador intel core i5-14600k 3.50/5.30ghz, 24 mb intel smart caché, lga1700, 125w/",4,252.50, ,"","W","intel corp"		
cpu ci5 14xxx s1700,"cpili514600kf","procesador intel core i5-14600kf 3.50/5.30ghz, 24mb intel smart caché, lga1700, 125w/",>20,243.50, ,"","W","intel corp"		
cpu ci5 14xxx s1700,"cpiti514400t","procesador intel core i5-14400 2.50/4.70ghz, 20 mb intel smart caché, lga1700, 65w/14", ,209.50, ,"","D","intel oem"		
_______________,"_______________","__________________________________","__________"		
 ,"CODIGO","CPU CI7 12XXX S1700","STOCK","PREC DISTRIB US $","PREC S/.","FLETE ","GARAN","MARCA"		
cpu ci7 12xxx s1700,"cpili712700kf","procesador intel core i7-12700kf 3.60 / 5.00ghz, 25mb caché l3, lga1700, 125w, 10 nm.",16,301.50, ,"","W","intel corp"		
cpu ci7 12xxx s1700,"cpiti712700t","procesador intel core i7-12700 2.10/4.90ghz, 25mbsmartcaché, lga1700, 65w, intel 7(10", ,306.50, ,"","D","intel oem"		
_______________,"_______________","__________________________________","__________"		
 ,"CODIGO","CPU CI7 14XXX S1700","STOCK","PREC DISTRIB US $","PREC S/.","FLETE ","GARAN","MARCA"		
cpu ci7 14xxx s1700,"cpili714700","procesador intel core i7-14700 2.10/5.40ghz, 33 mb intel smart caché, lga1700, 65w/21",>20,385.00, ,"","W","intel corp"		
cpu ci7 14xxx s1700,"cpili714700f","procesador intel core i7-14700f 2.10/5.40ghz, 33 mb intel smart caché, lga1700, 65w/2",>20,347.00, ,"","W","intel corp"		
cpu ci7 14xxx s1700,"cpili714700kf","procesador intel core i7-14700kf 3.40/5.60ghz, 33mb intel smart caché, lga1700, 125w/",>20,379.00, ,"","W","intel corp"		
cpu ci7 14xxx s1700,"cpiti714700kft","proc int core i7-14700kf tray",>20,328.00, ,"","D","intel oem"		
cpu ci7 14xxx s1700,"cpiti714700t","proc int core i7-14700 2.1 oem",>20,367.50, ,"","D","intel oem"		
_______________,"_______________","__________________________________","__________"		
 ,"CODIGO","CPU CI9 14XXX S1700","STOCK","PREC DISTRIB US $","PREC S/.","FLETE ","GARAN","MARCA"		
cpu ci9 14xxx s1700,"cpili914900","procesador intel core i9-14900 2.00/5.80ghz, 36 mb intel smart caché, lga1700, 65w/21",8,596.00, ,"","W","intel corp"		
cpu ci9 14xxx s1700,"cpili914900f","procesador intel core i9-14900f 2.00/5.80ghz, 36 mb intel smart caché, lga1700, 65w/2",3,568.86, ,"","W","intel corp"		
cpu ci9 14xxx s1700,"cpili914900k","procesador intel core i9-14900k 3.20/6.00ghz, 36 mb intel smart caché, lga1700, 125w/",11,566.00, ,"","W","intel corp"		
cpu ci9 14xxx s1700,"cpili914900kf","procesador intel core i9-14900kf 3.20/6.00ghz, 36mb intel smart caché, lga1700, 125w/",>20,529.00, ,"","W","intel corp"		
cpu ci9 14xxx s1700,"cpili914900ks","procesador intel core i9-14900ks 3.20/6.20ghz, 36mb intel smart caché, lga1700, 150w/",1,710.63, ,"","W","intel corp"		
_______________,"_______________","__________________________________","__________"		
 ,"CODIGO","CPU CU5 2XX S1851","STOCK","PREC DISTRIB US $","PREC S/.","FLETE ","GARAN","MARCA"		
cpu cu5 2xx s1851,"cpilu5225f","procesador intel core ultra 5 225f 3.30/4.90ghz, 20 mb intel smart caché, lga1851[@@@",>20,166.70, ,"","P","intel corp"		
cpu cu5 2xx s1851,"cpilu5245k","procesador intel core ultra 5 245k 4.20/5.20ghz, 24 mb intel smart caché, lga1851[@@@",>20,215.00, ,"","W","intel corp"		
cpu cu5 2xx s1851,"cpilu5245kf","procesador intel core ultra 5 245kf 4.20/5.20ghz,24 mb intel smart caché, lga1851[@@@",>20,200.00, ,"","P","intel corp"		
cpu cu5 2xx s1851,"cpilu5250kp","procesador intel core ultra 5 250k plus 4.2 / 5.3ghz, 30mb intel smart caché, lga1851",>20,225.25, ,"","W","intel corp"		
cpu cu5 2xx s1851,"cpitu5225","procesador intel core ultra 5 225 3.30/4.90ghz, 20 mb intel smart caché, lga1851[@@@]",>20,184.00, ,"","F","intel latam"		
_______________,"_______________","__________________________________","__________"		
 ,"CODIGO","CPU CU7 2XX S1851","STOCK","PREC DISTRIB US $","PREC S/.","FLETE ","GARAN","MARCA"		
cpu cu7 2xx s1851,"cpilu7265","procesador intel core ultra 7 265 2.40/5.30ghz, 30 mb intel smart caché, lga1851[@@@]",>20,370.00, ,"","W","intel corp"		
cpu cu7 2xx s1851,"cpilu7265f","procesador intel core ultra 7 265f 2.40/5.30ghz, 30 mb intel smart caché, lga1851[@@@",>20,351.50, ,"","W","intel corp"		
cpu cu7 2xx s1851,"cpilu7270kp","procesador intel core ultra 7 270k plus 3.7 / 5.5ghz, 36mb intel smart caché, lga1851", ,351.00, ,"","W","intel corp"		
_______________,"_______________","__________________________________","__________"		
 ,"CODIGO","CPU CU9 2XX S1851","STOCK","PREC DISTRIB US $","PREC S/.","FLETE ","GARAN","MARCA"		
cpu cu9 2xx s1851,"cpilu9285k","procesador intel core ultra 9 285k 3.70/5.70ghz, 36 mb intel smart caché, lga1851[@@@",>20,598.00, ,"","P","intel corp"		
_______________,"_______________","__________________________________","__________"		
 ,"CODIGO","DISCO DURO 3.5 SATA","STOCK","PREC DISTRIB US $","PREC S/.","FLETE ","GARAN","MARCA"		
disco duro 3.5 sata,"hdist1000vm002","disco duro seagate pipeline hd, 1tb, sata 6.0 gb/s, 5900 rpm, 3.5, pull.[@@@]<b>pull ",>20,46.30, ,"","C","seagate"		
disco duro 3.5 sata,"hdiwd102purp","disco duro western digital wd purple pro 10tb, sata, 512mb cache, 7200 rpm, 3.5.[@@@",>20,477.00, ,"","S","western digital"		
disco duro 3.5 sata,"hdiwd11purz","disco duro western digital wd purple, 1tb, sata 6.0 gb/s, 5400 rpm, 64mb cache, 3.5.",>20,146.50, ,"","P","western digital"		
disco duro 3.5 sata,"hdiwd142kfgx","disco duro western digital red pro nas, wd142kfgx14tb sata 6gb/s 7200rpm 3.5 512mb c",4,631.00, ,"","S","western digital"		
disco duro 3.5 sata,"hdiwd181purp","disco duro western digital wd purple pro 18tb, sata, 7200 rpm, 3.5, 512mb cache[@@@]",>20,756.00, ,"","S","western digital"		
disco duro 3.5 sata,"hdiwd20efpx","disco duro western digital red plus wd20efpx, 2tb, sata, 5400rpm, 3.5, cache 64mb[@@",>20,157.50, ,"","P","western digital"		
disco duro 3.5 sata,"hdiwd221purp","disco duro western digital wd purple pro 22tb, sata, 7200 rpm, 3.5, 512mb cache[@@@]",>20,956.00, ,"","S","western digital"		
disco duro 3.5 sata,"hdiwd23purz","disco duro western digital wd purple, 2tb, sata 6.0 gb/s, 64mb cache, 5400 rpm, 3.5.",>20,157.50, ,"","P","western digital"		
disco duro 3.5 sata,"hdiwd40efzz","disco duro western digital red plus wd40efzz, 4tb, sata, 5400rpm, 3.5, cache 128mb[@", ,197.00, ,"","P","western digital"		
disco duro 3.5 sata,"hdiwd43purz","disco duro western digital wd purple, 4tb, sata 6.0 gb/s, 256mb cache, 5400 rpm, 3.5",>20,197.00, ,"","P","western digital"		
disco duro 3.5 sata,"hdiwd8002purp","disco duro western digital purple pro, 8 tb, sata, 256mb cache, 7200rpm, 3.5[@@@]",>20,390.50, ,"","P","western digital"		
disco duro 3.5 sata,"zzhd4twd40efrx","hd wd 4tb sata 3.5'' - usado",1,55.00, ,"","X","western digital"		
_______________,"_______________","__________________________________","__________"		
 ,"CODIGO","DISCO DURO EXTERNO 2.5","STOCK","PREC DISTRIB US $","PREC S/.","FLETE ","GARAN","MARCA"		
disco duro externo 2.5,"hd1tbtohdtb410","disco duro externo toshiba canvio basics, 1 tb, usb 3.0, 2.5, negro.[@@@]",>20,81.30, ,"","D","toshiba - storage"		
disco duro externo 2.5,"hd2toca20xk3aa","disco duro externo toshiba portátil canvio advance, 2 tb, usb 3.0 / 2.0, color: negro",5,97.00, ,"","Y","toshiba - storage"		
disco duro externo 2.5,"hd4tbto440xk3aa","disco duro externo toshiba canvio basics, 4tb, usb 3.0.[@@@].....",>20,155.50, ,"","D","toshiba - storage"		
disco duro externo 2.5,"hd4toca40xk3ca","disco duro externo toshiba portátil canvio advance, 4 tb, usb 3.0 / 2.0, color: negro",7,159.50, ,"","Y","toshiba - storage"		
disco duro externo 2.5,"hddhdtp310xk3aa","disco duro externo toshiba canvio ready 1tb, usb 3.0/2.0, plug & play, negro[@@@]",>20,77.30, ,"","D","toshiba - storage"		
disco duro externo 2.5,"hde2tbtohdtb420","disco duro externo toshiba canvio basic, 2tb, usb3.0, 2.5, negro.[@@@]",>20,94.30, ,"","D","toshiba - storage"		
disco duro externo 2.5,"hdehdtx120xscaa","disco duro externo toshiba portátil canvio flex, 2 tb, usb 3.0 / 2.0, color: plata[@@",13,105.00, ,"","W","toshiba - storage"		
_______________,"_______________","__________________________________","__________"		
 ,"CODIGO","DISCO DURO, ACCESORIOS","STOCK","PREC DISTRIB US $","PREC S/.","FLETE ","GARAN","MARCA"		
disco duro, accesorios,"acssdktsnabr235","bracket kingston sna-br2/35 de 2.5 a 3.5, con tornillos.[@@@]",>20,2.21, ,"","W","kingston"		
_______________,"_______________","__________________________________","__________"		
 ,"CODIGO","DISCO SOLIDO EXTERNO(SSD)","STOCK","PREC DISTRIB US $","PREC S/.","FLETE ","GARAN","MARCA"		
disco solido externo(ssd),"essdhst300s1tb","unidad de estado solido (ssd) hiksemi shield portable 1tb m.2 2280, interfaz: pcie ge",>20,146.00, ,"","P","hiksemi"		
disco solido externo(ssd),"essdhst300s512","unidad en estado solido (ssd) portatil hiksemi hs-essd-t300s, 512gb, usb 3.2 tipo-c, ",>20,78.30, ,"","P","hiksemi"		
disco solido externo(ssd),"essdspsd1tb","unidad en estado sólido dual portatil kingston 1tb, interfaz usb-a, usb-c, usb 3.2 ge",14,209.30, ,"","S","kingston"		
disco solido externo(ssd),"essdspsd2tb","unidad en estado sólido dual portatil kingston 2tb, interfaz usb-a, usb-c, usb 3.2 ge",6,343.50, ,"","S","kingston"		
disco solido externo(ssd),"essdspsd512gb","unidad en estado sólido dual portatil kingston 512gb, interfaz usb-a, usb-c, usb 3.2 ",5,138.30, ,"","S","kingston"		
disco solido externo(ssd),"ssdktxs10001tb","unidad en estado sólido externa kingston xs1000, 1tb, usb 3.2 gen 2 tipo-c[@@@]veloci",11,135.50, ,"","I","kingston"		
disco solido externo(ssd),"ssdktxs10002tb","unidad en estado sólido externa kingston xs1000, 2tb, usb 3.2 gen 2 tipo-c[@@@]veloci",7,281.00, ,"","I","kingston"		
disco solido externo(ssd),"ssdktxs1000r2tb","unidad en estado sólido externa kingston xs1000, 2tb, usb 3.2 gen 2 tipo-c, color roj",13,221.00, ,"","S","kingston"		
disco solido externo(ssd),"ssdktxs20001000","unidad en estado sólido externa kingston xs2000, 1tb, usb 3.2 gen 2x2 tipo-c[@@@]velo",>20,192.30, ,"","S","kingston"		
disco solido externo(ssd),"ssdktxs20004000","unidad en estado sólido externa kingston xs2000, 4tb, usb 3.2 gen 2x2 tipo-c[@@@]velo",3,751.00, ,"","S","kingston"		
disco solido externo(ssd),"ssdktxs2000500","unidad en estado sólido externa kingston xs2000, 500gb, usb 3.2 gen 2x2 tipo-c[@@@]ve",1,166.30, ,"","S","kingston"		
disco solido externo(ssd),"ssdsdssde301t00","ssd portátil sandisk fortnite peely edition, 1 tb, usb 3.2 gen 2, protección contra c",17,221.00, ,"","P","sandisk"		
_______________,"_______________","__________________________________","__________"		
 ,"CODIGO","DVD-WRITER EXTERNO","STOCK","PREC DISTRIB US $","PREC S/.","FLETE ","GARAN","MARCA"		
dvd-writer externo,"mmcrdvdgp65nb60","dvd supermultil lg gp65nb60, externo, 8x, usb 2.0.[@@@]formatos soportados m-disc / c",>20,22.10, ,"consultar","W","lg electronics"		
_______________,"_______________","__________________________________","__________"		
 ,"CODIGO","ESTABILIZADOR DE TENSION","STOCK","PREC DISTRIB US $","PREC S/.","FLETE ","GARAN","MARCA"		
estabilizador de tension,"pssravr5008i","regulador automatico de voltaje con supresion de picos cdp r-avr5008i, 5000va / 2500w",3,62.50, ,"","W","cdp chicago digital power"		
estabilizador de tension,"psstie1042","estabilizador monofasico elise ieda poder safe, lcr10-4.5%, solido, 1kva, 220vac, 4 t",>20,55.00, ,"","W","elise"		
estabilizador de tension,"psstie1042s","estabilizador de voltaje elise - fase fes-10, estado sólido, potencia: 1kva = 1000va[",12,30.00, ,"consultar","W","elise"		
estabilizador de tension,"psstie1042xs-n","estabilizador elise - fase fxe-10, sólido, 1.0kva, 4 tomas a 220vac, 1 toma by-pass.[", ,30.00, ,"consultar","W","elise"		
estabilizador de tension,"psstie1542","estabilizador monofasico elise ieda poder safe, lcr15-4.5% solido, 1.5kva, 220vac, 4 ",>20,65.00, ,"","W","elise"		
estabilizador de tension,"psstie2042","estabilizador monofasico elise ieda poder safe, lcr20-4.5%, solido, 2kva, 220vac, 4 t",10,125.00, ,"","W","elise"		
estabilizador de tension,"psstie60","estabilizador elise - ieda power safe lcr60-4.5%,solido, monofásico, 6.0kva.[@@@]tecn",5,343.00, ,"","W","elise"		
estabilizador de tension,"pstranftamf35","transformador de aislamiento elise tamf-35, monofásico, 3.5kva, 220v.[@@@]", ,225.00, ,"","W","elise"		
estabilizador de tension,"pstransftamf12k","transformador de aislamiento elise tamf-12k, monofásico, 12kva, 220v.[@@@]",4,803.50, ,"","W","elise"		
estabilizador de tension,"pstransftamf15"," transformador de aislamiento monofásico 1.5kva",1,158.00, ,"","W","elise"		
estabilizador de tension,"pstransftamf80","transformador de aislamiento monofasico tamf-80 de 8kva , presentacion en caja", ,550.00, ,"","W","elise"		
estabilizador de tension,"zzte7180m","estabilizad te7180n avr-1200va", ,999.00, ,"","Y","western digital"		
_______________,"_______________","__________________________________","__________"		
 ,"CODIGO","FAN COOLER CPU","STOCK","PREC DISTRIB US $","PREC S/.","FLETE ","GARAN","MARCA"		
fan cooler cpu,"accfanidis40tx","fan-cooler is-40-xt black", ,110.00, ,"","C","advance computer corp"		
fan cooler cpu,"accncfannhu14s","fan-cooler noctua nh-u14s nf-a15 pwm premium paracpu (140mm/marron/24.6 dba)[@@@]el n",1,98.00, ,"","C","noctua"		
fan cooler cpu,"accpute8166n","fan cooler para procesador teros te-8166n intel yamd tdp 200w máx aire[@@@]mantén tu ",>20,24.30, ,"","D","teros"		
_______________,"_______________","__________________________________","__________"		
 ,"CODIGO","GARANTIA EXTENDIDA","STOCK","PREC DISTRIB US $","PREC S/.","FLETE ","GARAN","MARCA"		
garantia extendida,"geepc11c55801-2","garantia ext. lq-590 2 aÑos",1,54.00, ,"","W","epson"		
garantia extendida,"geepsneppvpmlb1","ge powerlite s, x, w series",13,67.91, ,"","Z","epson"		
garantia extendida,"gehpu7a14e","garantia extendida - hp 3y nbd + dmr lsrjt m725 mfp[@@@]",1,908.00, ,"","W","hp comercial"		
garantia extendida,"gehpu8c89e","hp carepack 3 laser jet m830",1,2000.00, ,"","Z","hp comercial"		
garantia extendida,"gehpu9ba7e","servicio hp al siguiente día",5,42.00, ,"","W","hp consumo"		
garantia extendida,"gehpum957e","garantía extendida hp um957e, 3 años, protección contra daños accidentales en noteboo",3,100.00, ,"","W","hp consumo"		
garantia extendida,"gelen5ps0l30075","ge lenovo accidental damage pr",>20,100.00, ,"","Z","lenovo - thinkpad"		
garantia extendida,"gelen5ws1s88528","3y onsite prod excha upg 3yb",>20,20.00, ,"","Z","lenovo - thinkpad"		
garantia extendida,"gesrvh8qv5e","hpe 5y fc 24x7 dl380 gen10 svc",1,2000.00, ,"","Z","hp enterprise - servidores"		
garantia extendida,"lichpehf9b4e","aruba 3y fc nbd exch hw 2930f",1,65.27, ,"","Y","hp enterprise - networking"		
garantia extendida,"nwrksupzd12051y","licencia de soporte ruckus watchdog partner, parazonedirector 1205, 1 año.[@@@]", ,300.00, ,"","Z","ruckus"		
garantia extendida,"swhpbd707aae","vmw vsphere ess 3yr e-ltu",2,522.00, ,"","W","hp enterprise - servidores"		
garantia extendida,"swhpeh33bde","hpe 5y tc ess dl20 gen10 plus", ,350.00, ,"","W","hp enterprise - servidores"		
garantia extendida,"swhpehc5n8e","hpe 3 year foundationcare dl20",7,60.00, ,"","Z","hp enterprise - servidores"		
garantia extendida,"zgeu10n3e","3 yrs next business day onsite",1,50.00, ,"","Z","hp comercial"		
garantia extendida,"zzgeepfx890-2","garantia ext ep fx-890 24m",1,52.00, ,"","","epson"		
garantia extendida,"zzgeeptmu220pa"," garantia exten tmu220pa 1 ano",1,67.00, ,"","Z","epson"		
garantia extendida,"zzgehph8qp7e","hpe 3y fc 24x7 dl380 gen10 svc",1,520.00, ,"","W","hp enterprise - servidores"		
garantia extendida,"zzgehpu4391e","c-pack portatil nx7000 3-3-3",3,99.00, ,"","Z","hp comercial"		
garantia extendida,"zzgehpu4414e","c-pack portatil n610c 9-9-3",1,38.60, ,"","Z","hp consumo"		
garantia extendida,"zzgehpu4523e"," c-pack servidor ml350 hw insta",1,278.90, ,"","Z","hp enterprise - servidores"		
garantia extendida,"zzgehpu4817e","cpe 3y rtntodepot pav/pre nk",>20,9999999.99, ,"","Z","hp comercial"		
garantia extendida,"zzgehpu6g23e","hp startup ml310e service",1,218.00, ,"","W","hp enterprise - servidores"		
garantia extendida,"zzgehpu7al9e","hp 3 year 24x7 dl360 gen9 foundation care service[@@@]",2,1000.00, ,"","Z","hp enterprise - servidores"		
garantia extendida,"zzgehpu7az7e","hp 3 year 24x7 dl160 gen9 foundation care service[@@@]",1,1000.00, ,"","Z","hp enterprise - servidores"		
garantia extendida,"zzgehpuc807e","hp 3y 9x5 next business day on-site promo notebook only svc for regular 1 year warran",20,113.00, ,"","W","hp comercial"		
garantia extendida,"zzgelen72h9990","3y insitu 24x7x4 (middle serv)",2,150.00, ,"","Z","lenovo - systemx"		
_______________,"_______________","__________________________________","__________"		
 ,"CODIGO","IMAGENES, ACCESORIOS DISP","STOCK","PREC DISTRIB US $","PREC S/.","FLETE ","GARAN","MARCA"		
imagenes, accesorios disp,"accepelpft01","módulo táctil para proyectores interactivos epsonbrightlink elpft01[@@@]este accesori", ,177.20, ,"","W","epson - comercial"		
imagenes, accesorios disp,"accte9062w","ecran teros te-9062w, 1.92 x 1.92 mts, 1:1, 107 blanco mate[@@@]mejora tus presentac",>20,29.00, ,"","D","teros"		
imagenes, accesorios disp,"mmacep13h010l48","lampara epson elplp48 replacement projector, para proyectores epson powerlite 1716/ 1",3,280.00, ,"","W","epson"		
imagenes, accesorios disp,"zzzmaletinproy","promocional - maletin para proyector[@@@]", ,10.00, ,"","F","zz otras marcas"		
_______________,"_______________","__________________________________","__________"		
 ,"CODIGO","IMAGENES, ESCANER DE","STOCK","PREC DISTRIB US $","PREC S/.","FLETE ","GARAN","MARCA"		
imagenes, escaner de,"msepds730n","escáner epson ds-730n, usb 2.0, ethernet, alimentacion vertical, duplex a color.[@@@]",14,510.00, ,"","W","epson - comercial"		
imagenes, escaner de,"msepds770ii","escáner de documentos epson ds-770 ii usb 3.0 de alta velocidad, sensor optico color ",>20,556.00, ,"","W","epson - comercial"		
imagenes, escaner de,"msepds870","escáner de documento epson workforce ds-870, 600dpi, 65 ppm / 130 ipm, adf.[@@@]fuent",10,733.00, ,"","W","epson - comercial"		
imagenes, escaner de,"msepds970","escáner para grupos de trabajo epson ds-970 600dpi, 85 ppm / 170 ipm, usb 3.0 / 2.0[@",6,920.00, ,"","W","epson - comercial"		
imagenes, escaner de,"scepb11b273201","escaner de documentos de cama plana a color epsonds-1730, duplex , interfaz: usb 2.0[",1,433.00, ,"","W","epson - comercial"		
imagenes, escaner de,"schp6fw07a","escáner hp scanjet pro 3000 s4 con alimentación de hojas, resolucion(600x600 ppp), us",>20,250.00, ,"","W","hp comercial"		
imagenes, escaner de,"schp6fw09a","escaner hp scanjet enterprise flow 5000 s5, resolucion (600x600 ppp), usb 3.0[@@@]esc",>20,493.00, ,"","W","hp comercial"		
_______________,"_______________","__________________________________","__________"		
 ,"CODIGO","IMAGENES, PROYECTOR","STOCK","PREC DISTRIB US $","PREC S/.","FLETE ","GARAN","MARCA"		
imagenes, proyector,"mmv11ha08520","proyector laser powerlite eb-750f fhd 1080p, de tiro ultracorto con inalámbrico integ",1,1570.00, ,"","Y","epson - comercial"		
imagenes, proyector,"mmvdel630su","proyector laser de corto alcance powerlite l630sufhd wuxga, hdmix2, vgax2, lan (rj-45",1,4089.90, ,"","W","epson - comercial"		
imagenes, proyector,"mmvdepbl1485f","proyector epson brightlink 1485fi+ interactivo táctil de distancia ultracorta, luz la",1,2960.00, ,"","W","epson - comercial"		
imagenes, proyector,"mmvdepef61gr","proyector epson smart portátil lifestudio pop ef-61 - verde humo - full hd[@@@]grande",1,480.00, ,"","Y","epson"		
imagenes, proyector,"mmvdepef61r","proyector epson smart portátil lifestudio pop ef-61 - beige rosado - full hd[@@@]gran",14,480.00, ,"","W","epson"		
imagenes, proyector,"mmvdepef61wh","proyector epson smart portátil lifestudio pop ef-61 - blanco calido - full hd[@@@]gra",>20,480.00, ,"","Y","epson"		
imagenes, proyector,"mmvdepef71","proyector epson smart portátil lifestudio flex ef-71 - blanco cálido - full hd[@@@]di",15,660.00, ,"","Y","epson"		
imagenes, proyector,"mmvdepef72","proyector epson smart portátil lifestudio flex plus ef-72 - roble - 4k pro uhd[@@@]el",2,827.00, ,"","Y","epson"		
imagenes, proyector,"mmvdepfh02","proyector portátil epiqvision fh02 con android tv, smart, fhd 1080p de hasta 300, 3l",>20,373.00, ,"","Y","epson"		
imagenes, proyector,"mmvdepfh54","proyector epson powerlite fh54+ 3lcd para aulas[@@@]potencia tus presentaciones con e",>20,919.00, ,"","Y","epson"		
imagenes, proyector,"mmvdepl210w","proyector laser powerlite l210w wxga 3lcd, wi-fi,hdmi x2, computer in x1, lan (rj-45)",6,1404.00, ,"","W","epson - comercial"		
imagenes, proyector,"mmvdepl260f","proyector laser powerlite l260f 1080p 3lcd, wi-fi, hdmi x2, vga input x1, lan (rj-45)",5,1565.00, ,"","W","epson - comercial"		
imagenes, proyector,"mmvdeppef21w","proyector láser pórtatil smart epson epiqvision ef21, color blanco diamante[@@@]disfr", ,572.00, ,"","W","epson"		
imagenes, proyector,"mmvdeppw119w","proyector powerlite 119w 3lcd wxga, hdmi x2, vga x2, lan (rj-45), usb[@@@]sistema de ",6,604.00, ,"","W","epson"		
imagenes, proyector,"mmvdeppwe24","proyector epson powerlite e24 portátil[@@@]con elproyector epson powerlite e24 (p/n: ",>20,400.00, ,"","Y","epson"		
imagenes, proyector,"mmvdepx49","proyector epson powerlite x49, 3600 lúmenes, 1024x768, xga, parlante monoaural: 5w x ",>20,503.00, ,"","W","epson"		
_______________,"_______________","__________________________________","__________"		
 ,"CODIGO","IMAGENES, SCAN/COD/BARRAS","STOCK","PREC DISTRIB US $","PREC S/.","FLETE ","GARAN","MARCA"		
imagenes, scan/cod/barras,"accadv6012n","escaner de plataforma adv-6012 , lector de códigoqr y código de barras[@@@]el escáner",>20,44.00, ,"","D","advance computer corp"		
imagenes, scan/cod/barras,"accadv6013n2","scanner inalámbrico 1d y 2d advance adv-6013n2, 1800mah, 2.4ghz, ip54[@@@]scanner ina",>20,38.00, ,"","D","advance computer corp"		
_______________,"_______________","__________________________________","__________"		
 ,"CODIGO","IMPRESION_CORTE_DISEÑO","STOCK","PREC DISTRIB US $","PREC S/.","FLETE ","GARAN","MARCA"		
impresion_corte_diseÑo,"impcr2011289","cricut bundle maker 4", ,356.40, ,"","D","cricut"		
impresion_corte_diseÑo,"prcr2009241","cricut | prensa de calor para gorras hat press[@@@]",1,85.00, ,"","Y","cricut"		
_______________,"_______________","__________________________________","__________"		
 ,"CODIGO","IMPRESORA LASER/LED","STOCK","PREC DISTRIB US $","PREC S/.","FLETE ","GARAN","MARCA"		
impresora laser/led,"prehpmfp3303fdw","impresora hp color laserjet pro mfp 3303fdw (imprime/escanea/copia/fax), usb 2.0/lan/",>20,560.00, ,"","W","hp comercial"		
impresora laser/led,"prhp111w","impresora hp laserjet monocromatica m111w, imprime/wi-fi/wi-fi direct/bluetooth/usb 2",>20,97.00, ,"","W","hp comercial"		
impresora laser/led,"prhpljm612dn","hp laserjet enterprise m612dn",>20,952.00, ,"","W","hp comercial"		
impresora laser/led,"prhpljm612dn-b","hp laserjet enterprise m612dn",3,973.00, ,"","W","hp comercial"		
impresora laser/led,"prhplpm501","impresora hp laserjet pro m501dn, 45 ppm, 4800x600 dpi, lan/usb.[@@@]solo imprime en ",4,268.00, ,"","W","hp comercial"		
impresora laser/led,"print2r3e8a","hp laserjet tank mfp 1602w",>20,203.00, ,"","W","hp comercial"		
impresora laser/led,"print2r3e8a-b","hp laserjet tank mfp 1602w",1,195.00, ,"","W","hp comercial"		
_______________,"_______________","__________________________________","__________"		
 ,"CODIGO","IMPRESORA MULTIFUN LASER","STOCK","PREC DISTRIB US $","PREC S/.","FLETE ","GARAN","MARCA"		
impresora multifun laser,"prhpljmfp4103fd","impresora monocromatica hp laserjet pro mfp 4103fdw, imprime/copia/escanea/fax/usb 2.",>20,383.00, ,"","W","hp comercial"		
impresora multifun laser,"prhplm432fdn","impresora monocromatica multifunción hp laser 432fdn, (1200 x 1200 dpi), usb 2.0, eth",8,396.00, ,"","W","hp comercial"		
_______________,"_______________","__________________________________","__________"		
 ,"CODIGO","IMPRESORA MULTIFUN TINTA","STOCK","PREC DISTRIB US $","PREC S/.","FLETE ","GARAN","MARCA"		
impresora multifun tinta,"zzprhpaioa9j40a","imp hp envy 5530 wireless aio",1,9.00, ,"","X","hp consumo"		
_______________,"_______________","__________________________________","__________"		
 ,"CODIGO","IMPRESORA TERMICA","STOCK","PREC DISTRIB US $","PREC S/.","FLETE ","GARAN","MARCA"		
impresora termica,"bidc31cg62054","impresora epson tm-h6000v multifunción de recibospara el sector financiero y minorist", ,590.40, ,"","W","epson - comercial"		
impresora termica,"pradv7011n","impresora termica inalámbrica advance adv-7011, velocidad de impresion 90 mm/seg[@@@]",>20,38.70, ,"","D","advance computer corp"		
impresora termica,"pradv8010nop","termica usb+lan 300 mm/s",1,58.00, ,"","D","advance computer corp"		
impresora termica,"pradv8011n","impresora térmica adv-8011n advance, 300mm/s, 203dpi[@@@]impresora térmica adv-8011n ",>20,83.00, ,"","D","advance computer corp"		
impresora termica,"pradv9010nop","pr impresora de etiquetas 80mm",2,63.00, ,"","D","advance computer corp"		
impresora termica,"pradv9013n","impresora térmica dual advance adv-9013n, usb . impresion de etiquetas y boletas[@@@]",>20,77.00, ,"","D","advance computer corp"		
impresora termica,"pradv9021n","impresora térmica dual advance adv-9021n, impresion de etiquetas y boletas.[@@@]impre",>20,87.00, ,"","D","advance computer corp"		
impresora termica,"pradv9026n","impresora termica inalámbrica advance adv-9026, velocidad de impresion 70 mm/seg[@@@]",>20,61.20, ,"","Y","advance computer corp"		
impresora termica,"prc31cl26042ad","impresora de cocina y recibos epson tm-u220ii/usb/puerto para caja de dinero (cash dr",19,313.00, ,"","W","epson - comercial"		
impresora termica,"prepcw-c6500au","impresora de etiquetas a color epson colorworks cw-c6500a, c/cortador automático inte",1,2368.00, ,"","W","epson - comercial"		
impresora termica,"preptc31cl45001","impresora termica epson tm-t20ivl, interfaz: usb+serial (rs-232c)[@@@]la impresora té",>20,121.00, ,"","W","epson - comercial"		
impresora termica,"preptc31cl47022","impresora termica epson tm-t20iv-sp, interfaz: usb+ethernet+serial (rs-232c)[@@@]la e",>20,157.00, ,"","W","epson - comercial"		
impresora termica,"preptm-t88vii","impresora térmica epson tm-t88vii, interfaz: usb integrado + ethernet integrado+seria",>20,325.00, ,"","W","epson - comercial"		
impresora termica,"preptm-u295-272","impresora termica epson tm-u295-272, interfaz: serial (rs-232c)[@@@]una impresora de ",2,341.00, ,"","W","epson - comercial"		
impresora termica,"ptec31cl45002","impresora termica epson tm-t20ivl, interfaz: usb+ethernet[@@@]la impresora térmica ep",>20,132.00, ,"","W","epson - comercial"		
_______________,"_______________","__________________________________","__________"		
 ,"CODIGO","IMPRESORA, ACCESORIOS DE","STOCK","PREC DISTRIB US $","PREC S/.","FLETE ","GARAN","MARCA"		
impresora, accesorios de,"accadv5421bk","caja para efectivo advance adv-5421, 4 ranuras, rj11, negro[@@@]organizte de manera s",14,28.00, ,"","D","advance computer corp"		
impresora, accesorios de,"accadv6406bk","caja para efectivo advance adv-6406, 5 ranuras, rj11, negro[@@@]mantén el control de ",>20,34.80, ,"","D","advance computer corp"		
impresora, accesorios de,"accadvtp7011n","papel termico 70gr (5 rollos)",>20,4.97, ,"","D","advance computer corp"		
impresora, accesorios de,"accadvtp8010n1","papel termico 70gr (5 rollos)",>20,7.97, ,"","D","advance computer corp"		
impresora, accesorios de,"accadvtp8011n","papel termico 70gr (5 rollos)",>20,9.47, ,"","D","advance computer corp"		
impresora, accesorios de,"accepc12c934591","caja de mantenimiento l15150",>20,19.60, ,"","W","epson - comercial"		
impresora, accesorios de,"accepc33s021601","maintenance box for c4000",2,24.11, ,"","W","epson - comercial"		
impresora, accesorios de,"acprhpcf338a","gabinete para hp laserjet m525 mfp (cf338a)[@@@]compatible con hp laserjet enterprise", ,373.00, ,"","D","hp comercial"		
impresora, accesorios de,"bidc825343","adaptador de poder ps-180-343", ,25.95, ,"","W","epson - comercial"		
impresora, accesorios de,"praccableusb2","cable usb 2.0 para impresora", ,110.00, ,"consultar","Z","zz otras marcas"		
impresora, accesorios de,"prachpq7549a","unidades de impresión a doble cara hp (q7549a)- para laserjet serie 5200 //  multifun", ,1100.00, ,"","W","hp comercial"		
_______________,"_______________","__________________________________","__________"		
 ,"CODIGO","INTERNET, SERVICIOS","STOCK","PREC DISTRIB US $","PREC S/.","FLETE ","GARAN","MARCA"		
internet, servicios,"dnvah064","server housing 64k",4,9999999.99, ,"","Z","deltron pc"		
_______________,"_______________","__________________________________","__________"		
 ,"CODIGO","KASPERSKY ESD BUSINESS","STOCK","PREC DISTRIB US $","PREC S/.","FLETE ","GARAN","MARCA"		
kaspersky esd business,"swkl4541ddefs","software kaspersky small office security, para 5 pcs+1 serv, lic 1 año, producto virt",>20,70.16, ,"","Y","kaspersky"		
kaspersky esd business,"swkl4541ddkfs","software kaspersky small office security, para 10pcs+1 serv, lic 1 año, producto virt",>20,129.99, ,"","Y","kaspersky"		
kaspersky esd business,"swkl4541ddmfs","software kaspersky small office security, para 15pcs, licencia 1 año, producto virtua",>20,185.28, ,"","W","kaspersky"		
kaspersky esd business,"swkl4541ddnfs","software kaspersky small office security, para 20pcs, licencia 1 año, producto virtua",>20,227.52, ,"","W","kaspersky"		
kaspersky esd business,"swkl4541ddpfs","software kaspersky small office security, para 25pcs, licencia 1 año, producto virtua",>20,252.21, ,"","W","kaspersky"		
kaspersky esd business,"swkl4541ddqfs","software kaspersky small office security, para 50pcs, licencia 1 año, producto virtua",>20,487.63, ,"","W","kaspersky"		
_______________,"_______________","__________________________________","__________"		
 ,"CODIGO","KASPERSKY ESD CONSUMO","STOCK","PREC DISTRIB US $","PREC S/.","FLETE ","GARAN","MARCA"		
kaspersky esd consumo,"swkl1041ddafs1","antivirus kaspersky standard, para 1 pc, lic 1 año, producto virtual.[@@@]",>20,17.73, ,"","Y","kaspersky"		
kaspersky esd consumo,"swkl1041ddafs9","kaspersky standard latam 1-dvc",>20,999.00, ,"","Y","kaspersky"		
kaspersky esd consumo,"swkl1041ddcfs1","antivirus kaspersky standard, para 3 pcs, lic 1 año, producto virtual.[@@@]",>20,24.82, ,"","Y","kaspersky"		
kaspersky esd consumo,"swkl1041ddefs1","antivirus kaspersky standard, para 5 pcs, lic 1 año, producto virtual.[@@@]",>20,31.91, ,"","Y","kaspersky"		
kaspersky esd consumo,"swkl1041ddkfs1","antivirus kaspersky standard, para 10 pcs, lic 1 año, producto virtual.[@@@]",>20,44.92, ,"","Y","kaspersky"		
kaspersky esd consumo,"swkl1042ddafs1","antivirus kaspersky plus, para 1 pc, lic 1 año, producto virtual.[@@@]",>20,24.82, ,"","Y","kaspersky"		
kaspersky esd consumo,"swkl1042ddcfs1","antivirus kaspersky plus, para 3 pcs, lic 1 año, producto virtual.[@@@]",>20,31.91, ,"","Y","kaspersky"		
kaspersky esd consumo,"swkl1042ddefs1","antivirus kaspersky plus, para 5 pcs, lic 1 año, producto virtual.[@@@]",>20,39.01, ,"","Y","kaspersky"		
kaspersky esd consumo,"swkl1042ddkfs1","antivirus kaspersky plus, para 10 pcs, lic 1 año,producto virtual.[@@@]",>20,50.83, ,"","Y","kaspersky"		
kaspersky esd consumo,"swkl1047ddcfs1","antivirus kaspersky premium, para 3 pcs, lic 1 año, producto virtual.[@@@]",>20,35.47, ,"","Y","kaspersky"		
kaspersky esd consumo,"swkl1047ddefs","antivirus kaspersky premium, para 5 pcs, lic 1 año, producto virtual.[@@@]",>20,42.56, ,"","W","kaspersky"		
kaspersky esd consumo,"swkl1987ddefs","ksec2 latam 5-dvc 1-user 1y",>20,18.83, ,"","Y","kaspersky"		
kaspersky esd consumo,"swkl4541ddefr","kaspersky small office securit",>20,300.00, ,"","Y","kaspersky"		
kaspersky esd consumo,"zzkl1042ddefs","kaspersky plus 2022 5_device",>20,666.00, ,"","Y","microsoft oem"		
kaspersky esd consumo,"zzlenkl1041ddaf","kaspersky standar 1pc 1y (len)",>20,666.00, ,"","Y","lenovo - idea"		
_______________,"_______________","__________________________________","__________"		
 ,"CODIGO","MATERIALES_SUMINISTROS","STOCK","PREC DISTRIB US $","PREC S/.","FLETE ","GARAN","MARCA"		
materiales_suministros,"acccr2003546","cr pack mats for cutter", ,15.30, ,"","D","cricut"		
materiales_suministros,"accpr2007120","cricut | vinilo permanente smart | muestrario elegancia | 13.9cm x 30.4cm[@@@]",>20,4.20, ,"","Y","cricut"		
materiales_suministros,"accpr2007145","cricut | vinilo permanente smart shimmer | color dorado | 13.9cm x 1.21m[@@@]",10,4.60, ,"","Y","cricut"		
materiales_suministros,"accpr2007353","cricut | vinilo permanente smart | color blanco |rollo de mejor valor 13.9cm x 3m[@@@",4,8.00, ,"","Y","cricut"		
materiales_suministros,"accpr2007809","cricut | tapete para tarjetas | 11.4cm x 15.8cm |compatible con cricut joy[@@@]",4,3.10, ,"","Y","cricut"		
materiales_suministros,"accpr2008743","cricut | paquete de materiales esenciales[@@@]",7,54.50, ,"","Y","cricut"		
materiales_suministros,"accpr2009056","cricut | kit de transferencia para foil | compatible con cricut joy[@@@]",5,17.50, ,"","Y","cricut"		
materiales_suministros,"accpr2010042","cricut | vinilo permanente escribible smart label| color plateado | 13.9cm x 33cm[@@@",16,5.10, ,"","Y","cricut"		
_______________,"_______________","__________________________________","__________"		
 ,"CODIGO","MB CI9 S1700 DDR4","STOCK","PREC DISTRIB US $","PREC S/.","FLETE ","GARAN","MARCA"		
mb ci9 s1700 ddr4,"mbarb760mcd4blk","motherboard asrock b760m-c/d4, chipset intel b760, lga1700, matx[@@@]soporta procesad",>20,2000.00, ,"","P","asrock"		
mb ci9 s1700 ddr4,"mbash610mfd4r20","motherboard asus prime h610m-f d4 r2.0, chipset intel h610, lga1700, micro-atx[@@@]so",>20,61.10, ,"","P","asus"		
mb ci9 s1700 ddr4,"mbgbb760md3hpd4","motherboard gigabyte b760m d3hp ddr4, chipset intel b760, lga1700, matx[@@@]soporta p",>20,82.00, ,"","P","gigabyte"		
mb ci9 s1700 ddr4,"mbgbh610mkd4","motherboard gigabyte h610m k ddr4 (rev. 1.0) chipset intel h610, lga1700, micro atx[@",7,56.50, ,"","P","gigabyte"		
mb ci9 s1700 ddr4,"mbgbz790dd4","motherboard gigabyte z790 d ddr4 (rev. 1.0) chipset intel z790, lga1700, atx[@@@]sopo",>20,194.00, ,"","P","gigabyte"		
mb ci9 s1700 ddr4,"mbmsb760m-pddr4","motherboard msi pro b760m-p ddr4, chipset intel b760, lga1700, hdmi, dp, vga, matx.[@",>20,79.90, ,"","P","msi"		
mb ci9 s1700 ddr4,"mbmsh610m-gddr4","motherboard msi pro h610m-g ddr4, chipset intel h610, lga1700, matx[@@@]soporta proce",1,59.95, ,"","P","msi"		
mb ci9 s1700 ddr4,"mbmsh610m-sddr4","motherboard msi pro h610m-s ddr4, chipset intel h610, lga1700, matx[@@@]soporta proce",>20,58.80, ,"","P","msi"		
_______________,"_______________","__________________________________","__________"		
 ,"CODIGO","MB CI9 S1700 DDR5","STOCK","PREC DISTRIB US $","PREC S/.","FLETE ","GARAN","MARCA"		
mb ci9 s1700 ddr5,"mbasb760m-a","motherboard asus prime b760m-a chipset intel b760, lga1700, micro atx[@@@]soporta pro",>20,96.00, ,"","P","asus"		
mb ci9 s1700 ddr5,"mbash610m-kd5","motherboard asus prime h610m-k, chipset intel h610, lga1700, micro atx[@@@]soporta pr",>20,62.50, ,"","P","asus"		
mb ci9 s1700 ddr5,"mbgbb760mds3hg5","motherboard gigabyte b760m ds3h gen5, chipset intel b760, lga1700, matx[@@@]soporta p", ,109.11, ,"","P","gigabyte"		
mb ci9 s1700 ddr5,"mbgbb760med5","motherboard gigabyte b760m e (rev. 1.0) chipset intel b760, lga1700, micro atx[@@@]so",>20,81.70, ,"","P","gigabyte"		
mb ci9 s1700 ddr5,"mbgbh610mkv2d5","motherboard gigabyte h610m k v2, chipset intel h610, lga1700, micro atx[@@@]soporta p",>20,58.30, ,"","P","gigabyte"		
mb ci9 s1700 ddr5,"mbmsb760m-e","motherboard msi pro b760m-e, chipset intel b760, lga1700, hdmi, vga, matx[@@@]soporta",4,86.50, ,"","P","msi"		
_______________,"_______________","__________________________________","__________"		
 ,"CODIGO","MB CU9 S1851 DDR5","STOCK","PREC DISTRIB US $","PREC S/.","FLETE ","GARAN","MARCA"		
mb cu9 s1851 ddr5,"mbarb860m-h2","motherboard asrock b860m-h2, chipset intel b860, lga 1851, 2xhdmi, matx[@@@]soporta p",>20,89.00, ,"","P","asrock"		
mb cu9 s1851 ddr5,"mbasb860m-k","motherboard asus prime b860m-k, chipset intel b860, lga 1851, hdmi, dp, matx[@@@]sopo", ,103.60, ,"","P","asus"		
mb cu9 s1851 ddr5,"mbasprh810m-e","motherboard asus prime h810m-e, chipset intel h810, lga 1851, matx[@@@]soporta proces",>20,87.08, ,"","P","asus"		
mb cu9 s1851 ddr5,"mbasprh810m-k","motherboard asus prime h810m-k, chipset intel h810, lga1851, vga, dp, matx[@@@]soport",>20,83.20, ,"","P","asus"		
mb cu9 s1851 ddr5,"mbgbb860mk","motherboard gigabyte b860m k, chipset intel b860,lga 1851, hdmi, matx[@@@]soporta pro",>20,94.00, ,"","P","gigabyte"		
mb cu9 s1851 ddr5,"mbgbh810mk","motherboard gigabyte h810m k, chipset intel h810,lga 1851, micro-atx[@@@]soporta proc",>20,77.50, ,"","P","gigabyte"		
mb cu9 s1851 ddr5,"mbmsb860m-epro","motherboard msi pro b860m-e, chipset intel b860, lga1851, hdmi, dp, matx[@@@]soporta ",>20,93.50, ,"","P","msi"		
mb cu9 s1851 ddr5,"mbmsh810m-bpro","motherboard msi pro h810m-b, chipset intel h810, lga 1851, hdmi, dp, matx[@@@]soporta",>20,80.15, ,"","P","msi"		
mb cu9 s1851 ddr5,"mbmsh810m-epro","motherboard msi pro h810m-e, chipset intel h810, lga 1851, hdmi, dp, matx[@@@]soporta",>20,77.50, ,"","P","msi"		
_______________,"_______________","__________________________________","__________"		
 ,"CODIGO","MB CU9 S1851 DDR5 GAMING","STOCK","PREC DISTRIB US $","PREC S/.","FLETE ","GARAN","MARCA"		
mb cu9 s1851 ddr5 gaming,"mbarz890taichi","mb ar z890 taichi s/v/l ddr5",2,484.00, ,"","P","asrock"		
mb cu9 s1851 ddr5 gaming,"mbasb860-agmgwf","motherboard asus rog strix b860-a gaming wifi, chipset intel b860, lga 1851, hdmi, dp", ,235.00, ,"","P","asus"		
mb cu9 s1851 ddr5 gaming,"mbasb860-fgmgwf","motherboard asus rog strix b860-f gaming wifi, chipset intel b860, lga 1851, hdmi, dp",2,256.00, ,"","P","asus"		
mb cu9 s1851 ddr5 gaming,"mbasz890-fgmgwf","motherboard asus rog strix z890-f gaming wifi, chipset intel z890, lga 1851, hdmi, dp", ,390.23, ,"","P","asus"		
mb cu9 s1851 ddr5 gaming,"mbgbz890aproice","motherboard gigabyte z890 aorus pro ice, chipset intel z890, lga 1851, atx[@@@]soport",1,333.17, ,"","P","gigabyte"		
_______________,"_______________","__________________________________","__________"		
 ,"CODIGO","MB SOCKET AM4 AMD","STOCK","PREC DISTRIB US $","PREC S/.","FLETE ","GARAN","MARCA"		
mb socket am4 amd,"mbarb450mhdvr4","motherboard asrock b450m-hdv r4.0, chipset amd b450, socket amd am4, matx[@@@]soporta",>20,46.25, ,"","P","asrock"		
mb socket am4 amd,"mbasa520m-k","motherboard asus prime a520m-k, chipset amd a520,socket amd am4, micro atx[@@@]soport",>20,48.10, ,"","P","asus"		
mb socket am4 amd,"mbasb550m-aac","motherboard asus prime b550m-a ac, chipset amd b550, socket amd am4, matx[@@@]soporta",>20,86.50, ,"","P","asus"		
mb socket am4 amd,"mbgba520mkv2","motherboard gigabyte a520m k v2 (rev. 1.0) chipset amd a520, socket am4, micro atx[@@",>20,44.00, ,"","P","gigabyte"		
mb socket am4 amd,"mbmsa520m-apro","motherboard msi a520m-a pro, chipset amd a520, socket amd am4, matx[@@@]soporta proce",2,46.40, ,"","P","msi"		
mb socket am4 amd,"mbmsb550mprvdwf","motherboard msi b550m pro-vdh wifi, amd b550, am4socket, vga, hdmi, dp, usb 3.2 gen1[",>20,83.45, ,"","P","msi"		
_______________,"_______________","__________________________________","__________"		
 ,"CODIGO","MB SOCKET AM4 AMD GAMING","STOCK","PREC DISTRIB US $","PREC S/.","FLETE ","GARAN","MARCA"		
mb socket am4 amd gaming,"mbgbb550gmgxv2","motherboard gigabyte b550 gaming x v2 (rev. 1.0),chipset amd b550, socket amd am4, at",1,101.60, ,"","P","gigabyte"		
mb socket am4 amd gaming,"mbmsb550gmgplus","motherboard msi mpg b550 gaming plus amd b550 am4socket, hdmi, dp, usb 3.2 gen 2[@@@]",6,115.60, ,"","P","msi"		
_______________,"_______________","__________________________________","__________"		
 ,"CODIGO","MB SOCKET AM5 AMD","STOCK","PREC DISTRIB US $","PREC S/.","FLETE ","GARAN","MARCA"		
mb socket am5 amd,"mbarb850mxwfr20","motherboard asrock b850m-x wifi r2.0, chipset amdb850, socket amd am5, matx[@@@]sopor",12,115.00, ,"","P","asrock"		
mb socket am5 amd,"mbasb650m-aii","motherboard asus prime b650m-a ii , chipset amd b650, socket am5, micro atx[@@@]sopor",8,110.00, ,"","P","asus"		
mb socket am5 amd,"mbasb650m-f","motherboard asus prime b650m-f, chipset amd b650,socket amd am5, matx[@@@]soporta pro",12,74.50, ,"","P","asus"		
mb socket am5 amd,"mbgbb840md3hpw6","motherboard gigabyte b840m d3hp wifi6e, chipset amd b840, socket amd am5, matx[@@@]so", ,115.00, ,"","P","gigabyte"		
mb socket am5 amd,"mbgbb840mds3h","motherboard gigabyte b840m ds3h, chipset amd b840, socket amd am5, matx[@@@]soporta p",18,95.50, ,"","P","gigabyte"		
mb socket am5 amd,"mbgbb840mh","motherboard gigabyte b840m h, chipset amd b840, socket amd am5, matx[@@@]soporta proc",>20,72.30, ,"","P","gigabyte"		
mb socket am5 amd,"mbmsa620mbproev","motherboard msi pro a620am-b evo, chipset amd a620a, socket am5, hdmi, vga, matx[@@@]",>20,61.15, ,"","P","msi"		
mb socket am5 amd,"mbmsb650m-bpro","motherboard msi pro b650m-b, chipset amd b650, socket amd am5, matx[@@@]soporta proce",>20,66.85, ,"","P","msi"		
mb socket am5 amd,"mbmsx870epwfpro","motherboard msi pro x870e-p wifi, chipset amd x870e, socket amd am5, atx[@@@]soporta ",10,231.50, ,"","P","msi"		
_______________,"_______________","__________________________________","__________"		
 ,"CODIGO","MB SOCKET AM5 AMD GAMING","STOCK","PREC DISTRIB US $","PREC S/.","FLETE ","GARAN","MARCA"		
mb socket am5 amd gaming,"mbarx870livmxwf","mb ar x870 livemixer wifi ddr5",8,248.00, ,"","P","asrock"		
mb socket am5 amd gaming,"mbarx870novawf","mb ar x870 nova wifi svl ddr5",2,316.00, ,"","P","asrock"		
mb socket am5 amd gaming,"mbarx870prorswf","motherboard asrock x870 pro rs wifi, chipset amd x870, socket amd am5, atx[@@@]soport",8,232.00, ,"","P","asrock"		
mb socket am5 amd gaming,"mbarx870stlegwf","motherboard asrock x870 steel legend wifi, chipset amd x870, socket amd am5, atx[@@@]",2,288.50, ,"","P","asrock"		
mb socket am5 amd gaming,"mbasa620m-pwifi","motherboard asus tuf gaming a620m-plus wifi, chipset amd b620, amd socket am5, matx[@", ,128.20, ,"","P","asus"		
mb socket am5 amd gaming,"mbasb650eegmgwf","motherboard asus rog strix b650e-e gaming wifi, chipset amd b650, socket amd am5, atx",2,305.00, ,"","P","asus"		
mb socket am5 amd gaming,"mbasb650efgmgwf","motherboard asus rog strix b650e-f gaming wifi, chipset amd b650, socket amd am5, atx",19,251.50, ,"","P","asus"		
mb socket am5 amd gaming,"mbasb650emewifi","motherboard asus tuf gaming b650em-e wifi, chipset amd b650, amd socket am5, matx[@@@",1,163.00, ,"","P","asus"		
mb socket am5 amd gaming,"mbasb850-agmgwf","motherboard asus rog strix b850-a gaming wifi, chipset amd b850, socket amd am5, atx[",>20,263.13, ,"","P","asus"		
mb socket am5 amd gaming,"mbasb850-egmgwf","motherboard asus rog strix b850-e gaming wifi, chipset amd b850, socket amd am5, atx[",10,354.13, ,"","P","asus"		
mb socket am5 amd gaming,"mbasb850pluswf","motherboard asus tuf gaming b850-plus wifi , chipset amd b850, socket amd am5, atx[@@",10,223.00, ,"","P","asus"		
mb socket am5 amd gaming,"mbasx870-pwifi","motherboard asus prime x870-p wifi, chipset amd x870, socket amd am5, atx[@@@]soporta",11,231.49, ,"","P","asus"		
mb socket am5 amd gaming,"mbasx870eagmneo","mb as rog strix x870e-a gm neo",15,458.50, ,"","P","asus"		
mb socket am5 amd gaming,"mbgbb650gmxaxv2","motherboard gigabyte b650 gaming x ax v2, chipsetamd b650, socket amd am5, atx[@@@]so",9,149.39, ,"","P","gigabyte"		
mb socket am5 amd gaming,"mbgbb650maoelax","motherboard gigabyte b650m aorus elite ax, chipset amd b650, socket amd am5, matx[@@@", ,168.06, ,"","P","gigabyte"		
mb socket am5 amd gaming,"mbgbb650mgmgpwf","motherboard gigabyte b650m gaming plus wifi, chipset amd b650, socket amd am5, matx[@",>20,127.70, ,"","P","gigabyte"		
mb socket am5 amd gaming,"mbgbb840maewf6e","motherboard gigabyte b840m aorus elite wifi6e, chipset amd b840, socket amd am5, micr",6,137.50, ,"","P","gigabyte"		
mb socket am5 amd gaming,"mbgbb850maewf7p","motherboard gigabyte b850m aorus elite wifi7 ice-p, chipset amd b850, socket amd am5,",19,181.40, ,"","P","gigabyte"		
mb socket am5 amd gaming,"mbgbb850md3hp","motherboard gigabyte b850m d3hp, chipset amd b850, socket amd am5, matx[@@@]soporta p", ,104.00, ,"","P","gigabyte"		
mb socket am5 amd gaming,"mbgbx870maelwf7","motherboard gigabyte x870m aorus elite wifi7, chipset amd x870, socket amd am5, matx[",12,198.00, ,"","P","gigabyte"		
mb socket am5 amd gaming,"mbmsb650iedgewf","motherboard msi mpg b650i edge wifi, chipset amd b650, socket amd am5, mini-itx[@@@]s",8,239.00, ,"","P","msi"		
mb socket am5 amd gaming,"mbmsx870-pwifi","motherboard msi pro x870-p wifi, chipset amd x870, socket amd am5, atx[@@@]soporta pr",4,230.50, ,"","P","msi"		
mb socket am5 amd gaming,"mbmsx870egmgpwf","motherboard msi x870e gaming plus wifi, chipset amd x870e, socket amd am5, atx[@@@]so",3,256.65, ,"","P","msi"		
mb socket am5 amd gaming,"mbmsx870gmgplwf","motherboard msi x870 gaming plus wifi, chipset amd x870, socket amd am5, atx[@@@]sopo",2,250.50, ,"","P","msi"		
_______________,"_______________","__________________________________","__________"		
 ,"CODIGO","MB SOCKET I C/CPU INTEL","STOCK","PREC DISTRIB US $","PREC S/.","FLETE ","GARAN","MARCA"		
mb socket i c/cpu intel,"mbadi514450hxd4","motherboard advance mtdk, incorpora procesador core i5-14450hx 2.40/4.80ghz, hdmi(1)/",>20,271.50, ,"","F","advance computer corp"		
mb socket i c/cpu intel,"mbadi713650hxd5","motherboard advance mtdk, incorpora procesador core i7-13650hx 2.60/4.90ghz, hdmi(1)/",>20,367.00, ,"","F","advance computer corp"		
_______________,"_______________","__________________________________","__________"		
 ,"CODIGO","MB SOCKET LGA4677 XEON","STOCK","PREC DISTRIB US $","PREC S/.","FLETE ","GARAN","MARCA"		
mb socket lga4677 xeon,"mbarw790wsr20","motherboard asrock w790 ws r2.0, chipset intel w790, lga4677, e-atx[@@@]soporta proce",1,525.00, ,"","F","asrock"		
_______________,"_______________","__________________________________","__________"		
 ,"CODIGO","MEDIDOR DE AISLAMIENTO","STOCK","PREC DISTRIB US $","PREC S/.","FLETE ","GARAN","MARCA"		
medidor de aislamiento,"accvcraet200","tester de aislamiento digital (megaóhmetro) voltcraft et-200 50v/100v/250v/500v/1000v",15,151.00, ,"","D","voltcraft"		
_______________,"_______________","__________________________________","__________"		
 ,"CODIGO","MEM DDR3 1600 PC3-12800","STOCK","PREC DISTRIB US $","PREC S/.","FLETE ","GARAN","MARCA"		
mem ddr3 1600 pc3-12800,"me8gtg1600c1101","memoria teamgroup elite 8gb (1x8gb) ddr3-1600mhz pc3-12800, cl11, 1.35v[@@@]",>20,28.70, ,"","P","teamgroup"		
_______________,"_______________","__________________________________","__________"		
 ,"CODIGO","MEM DDR4 3200 PC4-25600","STOCK","PREC DISTRIB US $","PREC S/.","FLETE ","GARAN","MARCA"		
mem ddr4 3200 pc4-25600,"me16gkcp432ns8","memoria dimm kingston, 16gb ddr4-3200mt/s pc4-25600, cl22, 1.2v, 288-pin, non-ecc[@@@",>20,200.00, ,"","P","kingston"		
mem ddr4 3200 pc4-25600,"me16gkf432c16b1","memoria kingston fury beast, 16gb, ddr4, 3200 mhz, pc4-25600, cl16, 1.35v.[@@@]",>20,132.75, ,"","P","kingston"		
mem ddr4 3200 pc4-25600,"me16gtchc22dc01","memoria teamgroup t-create classic ddr4, 16gb (2x8gb) ddr4-3200mhz, cl-22, 1.2v[@@@]",>20,133.50, ,"","P","teamgroup"		
mem ddr4 3200 pc4-25600,"me16hsarb32und4","mem ram 16g hik arm 3.20g ddr4",>20,114.00, ,"","P","hiksemi"		
mem ddr4 3200 pc4-25600,"me16hsarm32und4","memoria hiksemi armor 16gb ddr4-3200mhz pc4-25600, cl18, 1.35v, udimm, negro[@@@]",11,114.00, ,"","P","hiksemi"		
mem ddr4 3200 pc4-25600,"me16kf432c16bb2","memoria kingston fury beast rgb black, 16gb ddr4 3200 mt/s, pc4-25600, cl16, 1.35v.[@",>20,183.00, ,"","P","kingston"		
mem ddr4 3200 pc4-25600,"me16tet32un4c16","memoria ram teros titan 16gb ddr4-3200mhz, pc4-25600, cl17/cl16, 1.2/1.35v, negro[@@@",6,111.00, ,"","P","teros"		
mem ddr4 3200 pc4-25600,"me16tfzgd432hc1","memoria tg t-force vulcan z, 16gb, ddr4-3200 mhz,1.35v, cl16-20-20-40[@@@]",>20,141.25, ,"","P","teamgroup"		
mem ddr4 3200 pc4-25600,"me16tgd416g3200","memoria teamgroup elite 16gb, ddr4-3200 mhz, 1.2v, cl22-22-22-52[@@@]",>20,112.50, ,"","P","teamgroup"		
mem ddr4 3200 pc4-25600,"me32kf432c16bb","memoria udimm kingston fury beast, 32gb, ddr4, 3200mt/s, pc4-25600, cl16, 1.35v, negr",>20,463.00, ,"","P","kingston"		
mem ddr4 3200 pc4-25600,"me32kf432c16bb2","memoria kingston fury beast 32gb ddr4-3200mt/s pc4-25600, cl16, 1.35v, 288-pin, rgb, ",>20,466.00, ,"","P","kingston"		
mem ddr4 3200 pc4-25600,"me8ghsarb32und4","mem ram 8g hik arm 3.20gh ddr4",>20,63.75, ,"","P","hiksemi"		
mem ddr4 3200 pc4-25600,"me8ghsarm32und4","memoria hiksemi armor 8gb ddr4-3200mhz pc4-25600,cl18, 1.35v, udimm, negro[@@@]",9,63.75, ,"","P","hiksemi"		
mem ddr4 3200 pc4-25600,"me8gkf432c16bb8","memoria kingston fury beast, 8gb, ddr4-3200mt/s, pc4-25600, cl16, 1.35v,288-pines, xm",>20,74.00, ,"","P","kingston"		
mem ddr4 3200 pc4-25600,"me8gte3200c2201","mem ram 8g team elite 3.20g d4",>20,54.30, ,"","P","teamgroup"		
mem ddr4 3200 pc4-25600,"me8gtet32un4c22","memoria ram teros titan 8gb ddr4-3200mhz, pc4-25600, cl17/cl16, 1.2/1.35v, negro[@@@]",>20,65.90, ,"","P","teros"		
mem ddr4 3200 pc4-25600,"me8gtf3d48g320d","memoria teamgroup delta rgb ddr4, 8gb ddr4-3200mhz pc4-25600, cl16, 1.35v (1x8gb)[@@@",>20,69.35, ,"","F","teamgroup"		
mem ddr4 3200 pc4-25600,"me8gtfgd48g3200","memoria tg t-force vulcan z 8gb ddr4-3200 mhz, cl16, 1.35v[@@@]",>20,66.40, ,"","P","teamgroup"		
mem ddr4 3200 pc4-25600,"me8gtfyd48g32tf","memoria tg t-force vulcan tuf, 8gb ddr4-3200 mhz,cl16, 1.35v[@@@]",>20,72.00, ,"","P","teamgroup"		
mem ddr4 3200 pc4-25600,"me8gxp320sgambk","memoria adata xpg gammix d20 8gb ddr4-3200mhz pc4-25600, cl16, 1.35v, 288-pines[@@@]",2,66.35, ,"","P","adata"		
_______________,"_______________","__________________________________","__________"		
 ,"CODIGO","MEM DDR4 3600 PC4-28800","STOCK","PREC DISTRIB US $","PREC S/.","FLETE ","GARAN","MARCA"		
mem ddr4 3600 pc4-28800,"me16kf436c18bb2","memoria kingston fury beast rgb black, 16gb, ddr4-3600mt/s, pc4-28800, cl18, 1.35v,no",9,145.20, ,"","P","kingston"		
mem ddr4 3600 pc4-28800,"me8gkf436c17bb8","memoria kingston fury beast, 8gb, ddr4 3600 mt/s,pc4-28800, cl17, 1.35v.[@@@]",>20,99.50, ,"","P","kingston"		
_______________,"_______________","__________________________________","__________"		
 ,"CODIGO","MEM DDR5 5200 PC5-41600","STOCK","PREC DISTRIB US $","PREC S/.","FLETE ","GARAN","MARCA"		
mem ddr5 5200 pc5-41600,"me16kf552bwrgb","memoria kingston fury beast white rgb, 16gb ddr5-5200 mt/s, cl-40, 1.25v, white[@@@]",14,231.75, ,"","P","kingston"		
_______________,"_______________","__________________________________","__________"		
 ,"CODIGO","MEM DDR5 5600 PC5-44800","STOCK","PREC DISTRIB US $","PREC S/.","FLETE ","GARAN","MARCA"		
mem ddr5 5600 pc5-44800,"me16gkf556c40bb","memoria kingston fury beast 16gb ddr5-5600mt/s, pc5-44800, cl40, 1.25v, 288-pin, dimm",>20,224.20, ,"","P","kingston"		
mem ddr5 5600 pc5-44800,"me16gkf556c4arg","memoria kingston fury beast 16gb ddr5-5600mt/s pc5-44800 cl40, 1.25v, 288-pin, xmp 3.",>20,231.00, ,"","P","kingston"		
mem ddr5 5600 pc5-44800,"me16kf556c36bwe","memoria kingston fury beast, 16gb ddr5 -5600mt/s,cl36, 1.25 v[@@@]lleva tu rendimient",6,225.25, ,"","P","kingston"		
mem ddr5 5600 pc5-44800,"me16tfv5600hc36","memoria teamgroup t-force vulcan ddr5 16gb ddr5-5600 mhz, cl36, 1.2v[@@@]",>20,224.00, ,"","P","teamgroup"		
mem ddr5 5600 pc5-44800,"me16tfva5600hcn","memoria teamgroup vulcan&#945	 ddr5, 16gb (1x16gb) ddr5-5600mhz pc5-44800, cl40, 1.2v",>20,232.50, ,"","P","teamgroup"	
mem ddr5 5600 pc5-44800,"me16xp560slabbk","memoria u-dimm adata xpg lancer blade 16gb ddr5-5600mhz pc5-44800, cl46, 1.1v, 288-pi",7,199.00, ,"","P","adata"		
mem ddr5 5600 pc5-44800,"me32kf556c40bb","memoria dimm kingston fury beast, 32gb ddr5-5600 pc5-44800, cl40, 1.25v, black[@@@]", ,444.00, ,"","P","kingston"		
mem ddr5 5600 pc5-44800,"me8gkcp556us6","memoria kingston 8gb, ddr5-5600 mt/s, pc5-44800, cl46, 1.1v, 288-pin, 1rx16, non-ecc[",>20,126.00, ,"","P","kingston"		
mem ddr5 5600 pc5-44800,"me8gkf556c40bf","memoria kingston fury beast 8gb ddr5-5600mt/s, pc5-44800, cl40, 1.25v, 288-pin, non-e",>20,122.50, ,"","P","kingston"		
mem ddr5 5600 pc5-44800,"me8gtfv5600hc40","memoria udimm teamgroup t-force vulcan ddr5, 8gb ddr5-5600 pc5-44800, cl40, 1.2v, 288",>20,126.40, ,"","P","teamgroup"		
mem ddr5 5600 pc5-44800,"me8gxp560slabbk","memoria u-dimm adata xpg lancer blade 8gb ddr5-5600mhz pc5-44800, cl46, 1.1v, 288-pin",5,118.50, ,"","P","adata"		
mem ddr5 5600 pc5-44800,"me8gxp560slbbrg","memoria u-dimm adata xpg lancer blade rgb, 8gb ddr5-5600mhz pc5-44800 cl46, 1.1v, 288",>20,120.50, ,"","P","adata"		
_______________,"_______________","__________________________________","__________"		
 ,"CODIGO","MEM DDR5 6000 PC5-48000","STOCK","PREC DISTRIB US $","PREC S/.","FLETE ","GARAN","MARCA"		
mem ddr5 6000 pc5-48000,"me16gtfv6000hc3","memoria teamgroup t-force vulcan ddr5 16gb (1 x 16gb) ddr5-6000mhz, cl38, 1.25v[@@@]",>20,225.00, ,"","P","teamgroup"		
mem ddr5 6000 pc5-48000,"me16kf560c36bbe","memoria kingston fury beast 16gb ddr5-6000mt/s, pc5-48000, cl36, 1.35v, 288-pin[@@@]",>20,228.00, ,"","P","kingston"		
mem ddr5 6000 pc5-48000,"me16kf560c36bbr","memoria kingston fury beast 16gb ddr5-6000mt/s, pc5-48000, cl36, 1.35v, 288-pin, rgb[",1,230.00, ,"","P","kingston"		
mem ddr5 6000 pc5-48000,"me16kf560c36bwr","memoria kingston fury, 16gb, ddr5-6000 mt/s, pc5-48000, cl36, 1.35v, rgb.[@@@]", ,235.00, ,"","P","kingston"		
mem ddr5 6000 pc5-48000,"me16tf6000hc38a","memoria teamgroup t-force delta black rgb, 16gb (1x16gb) ddr5-6000mhz, cl38, 1.25v[@@",>20,236.00, ,"","P","teamgroup"		
mem ddr5 6000 pc5-48000,"me16xp600slabbk","memoria u-dimm adata xpg lancer blade 16gb ddr5-6000mhz pc5-48000, cl48, 1.1v, 288-pi",>20,204.00, ,"","W","adata"		
mem ddr5 6000 pc5-48000,"me16xp600slbbrg","memoria u-dimm adata xpg lancer blade rgb, 16gb ddr5-6000mhz pc5-48000 cl48, 1.1v, 28",>20,206.00, ,"","P","adata"		
mem ddr5 6000 pc5-48000,"me8gkf560c36bbe","memoria dimm kingston fury beast 8gb ddr5-6000mt/s pc5-48000, 1rx16, cl36, 1.35v, 288",>20,122.70, ,"","P","kingston"		
_______________,"_______________","__________________________________","__________"		
 ,"CODIGO","MEM DDR5 6400 PC5-51200","STOCK","PREC DISTRIB US $","PREC S/.","FLETE ","GARAN","MARCA"		
mem ddr5 6400 pc5-51200,"me16kf564c32bbe","memoria dimm kingston fury beast 16gb ddr5-6400mt/s, pc5-51200, cl32, 1.1v, 288-pin, ", ,235.00, ,"","P","kingston"		
mem ddr5 6400 pc5-51200,"me16kf564c32brg","memoria dimm kingston fury beast, 16gb ddr5-6400,pc5-51200 cl32, 1rx8, 1.4v, 288-pin,",>20,230.50, ,"","P","kingston"		
mem ddr5 6400 pc5-51200,"me32kf564c32rwa","memoria dimm kingston fury renegade, 32gb ddr5-6400, pc5-51200, cl32, 2rx8, 1.4v, 288", ,476.50, ,"","P","kingston"		
_______________,"_______________","__________________________________","__________"		
 ,"CODIGO","MEM DDR5 7600 PC5-60800","STOCK","PREC DISTRIB US $","PREC S/.","FLETE ","GARAN","MARCA"		
mem ddr5 7600 pc5-60800,"me32tfxa7600hc3","memoria teamgroup xtreem argb ddr5 32gb (2x16gb) ddr5-7600mhz, pc5-60800, cl36, 1.4v[",3,654.00, ,"","P","teamgroup"		
_______________,"_______________","__________________________________","__________"		
 ,"CODIGO","MEM FLASH, COMPACT FLASH","STOCK","PREC DISTRIB US $","PREC S/.","FLETE ","GARAN","MARCA"		
mem flash, compact flash,"acckisdce128g","microsd kt 128g endurance",>20,56.10, ,"","W","kingston"		
mem flash, compact flash,"acckisdce256gb","micro sd 256gb endurance",>20,93.60, ,"","W","kingston"		
_______________,"_______________","__________________________________","__________"		
 ,"CODIGO","MEM FLASH, SECURE DIGITAL","STOCK","PREC DISTRIB US $","PREC S/.","FLETE ","GARAN","MARCA"		
mem flash, secure digital,"acktsdcg4128gb","memoria flash microsd kingston canvas go! plus, 128gb, con adaptador sd[@@@]dimension",>20,32.60, ,"","S","kingston"		
mem flash, secure digital,"acktsdcg4256gb","memoria flash microsd kingston canvas go! plus, 256gb, con adaptador sd[@@@]dimension",>20,58.10, ,"","S","kingston"		
mem flash, secure digital,"acktsdcg464gb","memoria flash microsd kingston canvas go! plus, 64gb, con adaptador sd[@@@]dimensione",10,24.10, ,"","S","kingston"		
mem flash, secure digital,"acktsds3128gb","memoria card sd kingston sd canvas select plus 128gb, categoría de velocidad: uhs-i/u", ,26.10, ,"","Y","kingston"		
mem flash, secure digital,"acktsds3512gb","memoria card sd kingston sd canvas select plus 512gb, categoría de velocidad: uhs-i/u",6,83.98, ,"","Y","kingston"		
mem flash, secure digital,"msdsqxfn512g","memoria flash sandisk microsd express 512gb, interfaz: pcie gen 3[@@@]rendimiento de ",7,145.30, ,"","S","sandisk"		
mem flash, secure digital,"msdwdd100t1p0c","memoria flash microsd wd purple sc qd101, 1tb, tipo: microsdxc, sda 6.0[@@@]la tarjet",9,165.30, ,"","P","sandisk"		
_______________,"_______________","__________________________________","__________"		
 ,"CODIGO","MEM FLASH, USB DRIVE","STOCK","PREC DISTRIB US $","PREC S/.","FLETE ","GARAN","MARCA"		
mem flash, usb drive,"accdtmc3g2128g","memoria flash kingston datatraveler micro unidad flash usb ultrapequeño con metal pre",>20,24.80, ,"","W","kingston"		
mem flash, usb drive,"accdtmc3g2256g","memoria flash kingston datatraveler micro unidad flash usb ultrapequeño con metal pre",>20,35.56, ,"","W","kingston"		
mem flash, usb drive,"accdtmc3g264gb","memoria flash kingston datatraveler micro unidad flash usb ultrapequeño con metal pre", ,14.40, ,"","W","kingston"		
mem flash, usb drive,"acckcu2l1287lb","memoria flash usb kingston datatraveler exodia m,128gb, interfaz: usb 3.2 gen 1, azul",>20,8.75, ,"","P","kingston"		
mem flash, usb drive,"acckcu2l1287lg","memoria flash usb kingston datatraveler exodia m,128gb, interfaz: usb 3.2 gen 1, verd",>20,9.01, ,"","P","kingston"		
mem flash, usb drive,"acckcu2l1287ln","memoria flash usb kingston datatraveler exodia m,128gb, interfaz: usb 3.2 gen 1, rosa",>20,8.75, ,"","P","kingston"		
mem flash, usb drive,"acckcu2l1287lp","memoria flash usb kingston datatraveler exodia m,128gb, interfaz: usb 3.2 gen 1, mora",18,9.01, ,"","P","kingston"		
mem flash, usb drive,"acckcu2l647lb","memoria flash usb datatraveler exodia m, 64gb usb3.2 gen 1 (tipo-a) neon aqua blue (a",>20,8.98, ,"","W","kingston"		
mem flash, usb drive,"acckcu2l647lg","memoria flash usb datatraveler exodia m, 64gb, usb 3.2 gen 1 (tipo-a) neon green (ver",>20,8.98, ,"","W","kingston"		
mem flash, usb drive,"acckcu2l647ln","memoria flash usb datatraveler exodia m, 64gb, usb 3.2 gen 1 (tipo-a) neon pink (rosa",>20,8.25, ,"","W","kingston"		
mem flash, usb drive,"acckcu2l647lp","memoria flash usb datatraveler exodia m, 64gb, usb 3.2 gen 1 (tipo-a) neon purple (mo",>20,8.25, ,"","W","kingston"		
mem flash, usb drive,"acdtduo3cg3128","memoria flash usb kingston 128gb datatraveler microduo 3c 200mb/s dual usb-a + usb-c[",>20,24.97, ,"","D","kingston"		
mem flash, usb drive,"acdtduo3cg3256","memoria flash usb kingston 256gb datatraveler microduo 3c 200mb/s dual usb-a + usb-c[",13,39.10, ,"","D","kingston"		
mem flash, usb drive,"acdtse9g3128gb","memoria flash usb kingston datatraveler se9 g3, 128gb, usb 3.2 gen 1 (tipo-a)[@@@]vel",>20,21.60, ,"","D","kingston"		
mem flash, usb drive,"acdtse9g3256gb","memoria flash usb kingston datatraveler se9 g3, 256gb, usb 3.2 gen 1 (tipo-a)[@@@]vel",12,39.10, ,"","D","kingston"		
mem flash, usb drive,"acdtse9g3512gb","memoria flash usb kingston datatraveler se9 g3, 512gb, usb 3.2 gen 1 (tipo-a)[@@@]vel",>20,61.10, ,"","D","kingston"		
mem flash, usb drive,"ackdtse9g364gb","memoria flash usb kingston datatraveler se9 g3, 64gb, usb 3.2 gen 1 (tipo-a)[@@@]velo",>20,12.85, ,"","D","kingston"		
mem flash, usb drive,"acktdt70128gb","memoria flash usb kingston datatraveler 70, 128gb, usb-c 3.2 gen1 presentación en col",>20,8.95, ,"","Y","kingston"		
mem flash, usb drive,"acktdt7064gb","memoria flash usb kingston datatraveler 70, 64gb,usb-c 3.2 gen1, presentación en colg",>20,5.61, ,"","Y","kingston"		
mem flash, usb drive,"acktdtdeg2128g","memoria flash usb kingston datatraveler duo, 128gb usb 3.2 gen 1, color negro mate[@@",>20,10.75, ,"","D","kingston"		
mem flash, usb drive,"acktdtdeg2256g","memoria flash usb kingston datatraveler duo, 256gb usb 3.2 gen 1, color negro mate[@@",13,23.10, ,"","D","kingston"		
mem flash, usb drive,"acktdtduo3cg346","memoria flash usb kingston datatraveler microduo 3c, 64gb, usb 3.2 gen 1.[@@@]interfa",>20,16.71, ,"","W","kingston"		
mem flash, usb drive,"acktdtkn128gb","memoria flash usb kingston datatraveler kyson 128gb, usb 3.2 gen 1, color plata.[@@@]",>20,19.00, ,"","Y","kingston"		
mem flash, usb drive,"acktdtkn256gb","unidad flash usb kingston datatraveler kyson, 256gb, interfaz: usb 3.2 gen 1[@@@]la u",>20,34.01, ,"","Y","kingston"		
mem flash, usb drive,"acktdtkn512gb","unidad flash usb kingston datatraveler kyson, 512gb, interfaz: usb 3.2 gen 1[@@@]la u",12,61.60, ,"","Y","kingston"		
mem flash, usb drive,"acktdtkn64gb","memoria flash usb kingston datatraveler kyson, 64gb, usb 3.2 gen 1, plata[@@@]present",>20,11.55, ,"","Y","kingston"		
mem flash, usb drive,"acktdtx128gb","memoria flash usb kingston datatraveler exodia 128gb, usb 3.2 gen 1, color amarillo.[",>20,8.71, ,"","Y","kingston"		
mem flash, usb drive,"acktdtx256gb","memoria flash usb kingston datatraveler exodia 256gb, usb 3.2 gen 1, color rojo.[@@@]",>20,20.22, ,"","Y","kingston"		
mem flash, usb drive,"acktdtx64gbw","memoria flash usb kingston datatraveler exodia, 64gb, usb 3.2 gen 1, blanco[@@@]prese",6,5.46, ,"","Y","kingston"		
mem flash, usb drive,"acktdtxm128gb","memoria flash usb kingston datatraveler exodia m,128gb, usb 3.2 gen 1, rojo[@@@]prese",>20,8.51, ,"","Y","kingston"		
mem flash, usb drive,"acktdtxm256gb","memoria flash usb kingston datatraveler exodia m,256gb, usb 3.2 gen 1, azul[@@@]prese",>20,20.02, ,"","Y","kingston"		
mem flash, usb drive,"acktdtxm64gb","memoria flash usb kingston datatraveler exodia m,64gb, usb 3.2 gen 1, azul[@@@]presen",>20,5.46, ,"","Y","kingston"		
mem flash, usb drive,"acktdtxs128gbt","memoria flash usb kingston datatraveler exodia s,128gb, interfaz: usb 3.2 gen 1, verd",>20,8.83, ,"","S","kingston"		
mem flash, usb drive,"acktdtxs512gby","memoria flash usb kingston datatraveler exodia s,512gb, interfaz: usb 3.2 gen 1, amar",19,47.10, ,"","S","kingston"		
mem flash, usb drive,"acktdtxs64gbb","memoria flash usb kingston datatraveler exodia s,64gb, interfaz: usb 3.2 gen 1, negro", ,5.51, ,"","S","kingston"		
_______________,"_______________","__________________________________","__________"		
 ,"CODIGO","MEM SODIMM DDR3 1600","STOCK","PREC DISTRIB US $","PREC S/.","FLETE ","GARAN","MARCA"		
mem sodimm ddr3 1600,"me4gtgd3l4g1600","memoria tg elite sodimm ddr3 4gb ddr3-1600 mhz, cl-11, 1.35v[@@@]",>20,10.85, ,"","P","teamgroup"		
mem sodimm ddr3 1600,"me8tgted3l8g160","memoria teamgroup, 8gb, ddr3l, sodimm, 1600mhz, cl11-11-11-28, 1.35v[@@@]",>20,29.20, ,"","D","teamgroup"		
_______________,"_______________","__________________________________","__________"		
 ,"CODIGO","MEM SODIMM DDR4 2400","STOCK","PREC DISTRIB US $","PREC S/.","FLETE ","GARAN","MARCA"		
mem sodimm ddr4 2400,"zzmelen70m60573","mem ram 4g le 2.40g sodimm dr4",>20,666.00, ,"","Z","lenovo - storage"		
_______________,"_______________","__________________________________","__________"		
 ,"CODIGO","MEM SODIMM DDR4 2666","STOCK","PREC DISTRIB US $","PREC S/.","FLETE ","GARAN","MARCA"		
mem sodimm ddr4 2666,"me16hshiks26z1","memoria sodimm hiksemi 16gb ddr4-2666mhz pc4-21300, cl19, 1.2v, 260-pines[@@@]",4,80.93, ,"","P","hiksemi"		
mem sodimm ddr4 2666,"zzmelen70r38789","mem ram 4g le 2.66g sodimm dr4",>20,666.00, ,"","Z","lenovo - storage"		
_______________,"_______________","__________________________________","__________"		
 ,"CODIGO","MEM SODIMM DDR4 3200","STOCK","PREC DISTRIB US $","PREC S/.","FLETE ","GARAN","MARCA"		
mem sodimm ddr4 3200,"me16gkf432s2ib2","memoria sodimm kingston hyper impact, 16gb, ddr4 3200 mt/s, pc4-25600, cl20, 1.2v.[@@",>20,231.00, ,"","P","kingston"		
mem sodimm ddr4 3200,"me16gtg3200c22s","memoria so-dimm teamgroup elite, 16gb ddr4-3200mhz (pc4-25600) 1.2v, cl22[@@@]",>20,103.00, ,"","F","teamgroup"		
mem sodimm ddr4 3200,"me16hshiks32z1","memoria sodimm hiksemi 16gb ddr4-3200mhz pc4-25600, cl22, 1.2v[@@@]",1,90.00, ,"","P","hiksemi"		
mem sodimm ddr4 3200,"me16kcp432ss816","memoria sodimm kingston kcp432ss8/16, 16gb, ddr4-3200mt/s, cl22, 1.2v, 260-pin, non-e",>20,226.00, ,"","P","kingston"		
mem sodimm ddr4 3200,"me16kvr32s22sod","memoria sodimm kingston kvr32s22d8/16, 16gb ddr4-3200mt/s, cl22, 1.2v, 260-pin, non-e",>20,142.50, ,"","P","kingston"		
mem sodimm ddr4 3200,"me8gkcp432ss8","memoria sodimm kingston kcp432ss8/8, 8gb, ddr4-3200mhz, cl22, 1rx8, 1.2v, 260-pin, no",16,99.50, ,"","P","kingston"		
mem sodimm ddr4 3200,"me8gkf432s20ib","memoria sodimm kingston fury impact, 8gb, ddr4, 3200mt/s, pc4-25600, cl20, 1.2v.[@@@]",>20,101.63, ,"","P","kingston"		
mem sodimm ddr4 3200,"me8gtg3200c22s1","memoria so-dimm teamgroup elite, 8gb ddr4-3200mhz(pc4-25600) 1.2v, cl22[@@@]",>20,53.90, ,"","F","teamgroup"		
_______________,"_______________","__________________________________","__________"		
 ,"CODIGO","MEM SODIMM DDR5 4800","STOCK","PREC DISTRIB US $","PREC S/.","FLETE ","GARAN","MARCA"		
mem sodimm ddr5 4800,"me16gkf548s38ib","memoria so-dimm kingston fury impact 16gb ddr5-4800mt/s, pc5-38400, cl38, 1.1v, 262-p",>20,227.25, ,"","P","kingston"		
_______________,"_______________","__________________________________","__________"		
 ,"CODIGO","MEM SODIMM DDR5 5600","STOCK","PREC DISTRIB US $","PREC S/.","FLETE ","GARAN","MARCA"		
mem sodimm ddr5 5600,"me16gkf556s40ib","memoria so-dimm kingston fury impact 16gb ddr5-5600mt/s, pc5-44800, cl40, 1.1v, 262-p",4,232.05, ,"","P","kingston"		
mem sodimm ddr5 5600,"me16kcp556ss85","memoria so-dimm kingston 16gb ddr5-5600mt/s, pc5-44800, cl46, 1.1v, 262-pin, non-ecc[",>20,225.00, ,"","P","kingston"		
mem sodimm ddr5 5600,"me16kvr56s46bs8","memoria sodimm kingston 16gb ddr5-5600mt/s, pc5-44800, cl46, 1.1v, 262-pin, 1rx8, non",>20,223.00, ,"","P","kingston"		
mem sodimm ddr5 5600,"me16tgd516g560s","memoria teamgroup so-dimm elite ddr5, 16gb ddr5-5600mhz, cl46, 1.1v[@@@]",12,194.00, ,"","P","teamgroup"		
mem sodimm ddr5 5600,"me24cmx5m1a560s","memoria corsair vengeance, 24gb (1x24gb) ddr5-5600mhz, cl48, 1.10v[@@@]impulsa el ren",18,268.50, ,"","P","corsair"		
mem sodimm ddr5 5600,"me32kcp556sd8","memoria so-dimm kingston 32gb ddr5-5600mt/s, pc5-44800, cl46, 1.1v, 262-pin, non-ecc[",>20,447.50, ,"","P","kingston"		
mem sodimm ddr5 5600,"me32kvr56s46bd8","memoria so-dimm kingston 32gb ddr5-5600mt/s, pc5-44800, cl46, 1.1v, 262-pin, non-ecc[",2,448.00, ,"","P","kingston"		
mem sodimm ddr5 5600,"me8gkcp556ss6","memoria sodimm kingston 8gb ddr5-5600mt/s, pc5-44800, cl46, 1.1v, 262-pin, 1rx16, non",>20,123.60, ,"","P","kingston"		
mem sodimm ddr5 5600,"me8gkvr56s46bs6","memoria sodimm kingston 8gb ddr5-5600mt/s, pc5-44800, cl46, 1.1v, 1rx16, 262-pin[@@@]",>20,126.00, ,"","P","kingston"		
_______________,"_______________","__________________________________","__________"		
 ,"CODIGO","MEM SODIMM DDR5 6400","STOCK","PREC DISTRIB US $","PREC S/.","FLETE ","GARAN","MARCA"		
mem sodimm ddr5 6400,"me16kvr64v52bs8","memoria so-dimm kingston 16gb ddr5-6400mt/s, pc5-51200, cl52, 1.1v, 262-pin, 1rx8, no",10,211.00, ,"","P","kingston"		
mem sodimm ddr5 6400,"me32kvr64v52bd8","memoria kingston valueram, 32gb ddr5-6400mt/s, cl52, 1.1v[@@@]maximiza el rendimiento",>20,450.00, ,"","P","kingston"		
_______________,"_______________","__________________________________","__________"		
 ,"CODIGO","MERCHANDISING","STOCK","PREC DISTRIB US $","PREC S/.","FLETE ","GARAN","MARCA"		
merchandising,"acbagtoursgd","bolsa tours deltron",>20,99.00, ,"","Z","zz otras marcas"		
merchandising,"acblockgdtour","cuaderno tours gd",>20,99.00, ,"","Z","deltron"		
merchandising,"accadvcupb","taza adv a inoxidable 600ml",>20,100.00, ,"","Z","advance computer corp"		
merchandising,"accbote600mlr","botella 600ml teros rojo",17,5.00, ,"","D","teros"		
merchandising,"accgdcmstepl","gd camiseta ep blanco",13,7.00, ,"","D","epson"		
merchandising,"accgdcmstepxl","merch polo epson xl",5,7.00, ,"","D","epson"		
merchandising,"accgdcupsmart","open ear hearphone cap",1,60.00, ,"","D","deltron"		
merchandising,"accgde13c","el material de nylon y resistente, puede resistirla radiación ultravioleta uv400[@@@]",>20,37.00, ,"","D","deltron"		
merchandising,"accgdg05t3","el material de nylon y resistente, puede resistirla radiación ultravioleta uv400[@@@]",19,30.00, ,"","D","deltron"		
merchandising,"accgdtpsol","tapa sol deltron azul",>20,4.50, ,"","Z","deltron"		
merchandising,"accgdxv15w","le de sol c audio y can dep w",1,70.00, ,"","D","deltron"		
merchandising,"acchalfbiken","bicicleta de pie negro",8,200.00, ,"","Z","deltron"		
merchandising,"acchalfbiker","bicicleta de pie rojo",13,200.00, ,"","Z","deltron"		
merchandising,"acckittool","kit de herramientas",3,200.00, ,"","Z","deltron"		
merchandising,"acclapiceroadv","lapicero advance",>20,50.00, ,"","D","advance computer corp"		
merchandising,"accpengdnfc","lapicero deltron blue nfc",>20,50.00, ,"","D","deltron"		
merchandising,"accpinterosperu","pin teros merch",>20,2.00, ,"","Z","teros"		
merchandising,"accprtgd156","gd protector nb 15.6\''",>20,2.00, ,"","D","deltron"		
merchandising,"accscarfworldgd","bufanda futbol gd",1,9.00, ,"","Z","deltron"		
merchandising,"acctebottler","bot teros a inoxidable 1200ml",>20,19.00, ,"","Z","teros"		
merchandising,"acctecupr","taza teros a inoxidable 600ml",>20,666.00, ,"","Z","teros"		
merchandising,"acctejacket","jacket teros black",>20,12.00, ,"","D","teros"		
merchandising,"acctejacketr","jacket teros red",1,12.00, ,"","D","teros"		
merchandising,"acctejacketw","jacket teros white",>20,7.60, ,"","Z","teros"		
merchandising,"accterostpsol","teros tapa sol",>20,4.00, ,"","Z","teros"		
merchandising,"accwtablcd12","tablet de escritura",>20,20.00, ,"","Z","deltron"		
merchandising,"acdeltronbageco","bolsa eco deltron 50x40x15",>20,8.00, ,"","Z","deltron"		
merchandising,"acgdtablep","mesa portatil plaptop",>20,18.00, ,"","D","deltron"		
merchandising,"acgdtourpolmlhl","polo c manga l gd tours h l",>20,8.50, ,"","D","deltron"		
merchandising,"acgdtourpolmlhm","polo c manga l gd tours h l",>20,99.00, ,"","D","deltron"		
merchandising,"acgdtourpolomlm","polo c manga l gd tours",>20,20.00, ,"","D","deltron"		
merchandising,"aclenovobolsag","bolsa lenovo 50 x 40 cm green",>20,5.00, ,"","Z","lenovo - thinkpad"		
merchandising,"aclenovobolsar","bolsa lenovo 50 x 40 cm idea",>20,5.00, ,"","Z","lenovo - idea"		
merchandising,"acpinadvcorazon","pin logo advance corazon",>20,100.00, ,"","Z","advance computer corp"		
merchandising,"acpoloadvcuello","polo advance con cuello azul",10,20.00, ,"","Z","advance computer corp"		
merchandising,"acpoloepscuello","polo epson con cuello negro",9,9.00, ,"","Z","epson"		
merchandising,"acpologdtourl","polo tours deltron l",>20,99.00, ,"","Z","deltron"		
merchandising,"acpololencuello","polo lenovo con cuello azul",10,20.00, ,"","Z","lenovo"		
merchandising,"acpolotecuello","polo teros con cuello rojo",>20,6.50, ,"","Z","teros"		
merchandising,"actepolmlhl","polo c manga l teros l",>20,99.00, ,"","D","teros"		
merchandising,"actepolmlhm","polo c manga l teros h m",>20,99.00, ,"","D","teros"		
merchandising,"actepolmll","polo c manga l teros l",>20,10.00, ,"","D","teros"		
merchandising,"actepolmlm","polo c manga l teros m",>20,20.00, ,"","D","teros"		
merchandising,"acteroseco15pen","bolsa ecologica teros peru n",>20,50.00, ,"","Z","teros"		
merchandising,"acteroseco15per","bolsa ecologica teros peru r",>20,50.00, ,"","Z","teros"		
merchandising,"polocopilotxl","merch polo copilot talla l",>20,9999999.99, ,"","D","microsoft oem"		
merchandising,"pololenovol","merch polo lenovo talla l",>20,666.00, ,"","D","deltron"		
merchandising,"pololenovoxl","merch polo lenovo talla xl",>20,666.00, ,"","D","lenovo"		
merchandising,"zzamplifdeltron","merch amplificadr deltron",>20,666.00, ,"","Z","deltron"		
merchandising,"zzbalanzaviajed","balanza viajera deltron",>20,666.00, ,"","Z","deltron"		
merchandising,"zzbolsabd","bolsa gd",>20,0.06, ,"","Z","zz otras marcas"		
merchandising,"zzbolsadeltron2","bolsas papel deltron",>20,600.00, ,"","Z","zz otras marcas"		
merchandising,"zzbolsanotexint","bolsas notex intel azul",>20,999.00, ,"","Z","intel corp"		
merchandising,"zzbolsaslenovod","bolsas lenovo deltron 25 - 1",>20,666.00, ,"","Z","lenovo"		
merchandising,"zzbotinoxidable","botella inoxidable deltron",>20,600.00, ,"","Z","deltron"		
merchandising,"zzcangurodeltro","canguro deltron",>20,600.00, ,"","Z","deltron"		
merchandising,"zzcuadernoepson","cuaderno epson industrial",2,999.00, ,"","Z","epson"		
merchandising,"zzfundasimp","fundas promo quanta",>20,2.00, ,"","","epson"		
merchandising,"zzgift100epsonc","gift de regalo epson con26", ,666.00, ,"","Z","epson"		
merchandising,"zzgifttailoy100","gift tailoy 100 lenovo",1,666.00, ,"","Z","lenovo"		
merchandising,"zzguiabolsilloa","gui de bolsillo amd - deltron",>20,999.00, ,"","Z","amd-advanced micro device"		
merchandising,"zzlanyardamddel","lanyard amd",>20,999.00, ,"","Z","amd-advanced micro device"		
merchandising,"zzlanyardeltron","lanyar tour deltron", ,600.00, ,"","Z","deltron"		
merchandising,"zzlanyardinteld","lanyard intel - deltron",>20,999.00, ,"","Z","intel corp"		
merchandising,"zzlanyardking","lanyard kingston",>20,999.00, ,"","Z","kingston"		
merchandising,"zzlapiceroamd","lapicero basicos amd",>20,666.00, ,"","Z","amd-advanced micro device"		
merchandising,"zzlapiceroepsco","lapicero eps comercial",>20,9999999.99, ,"","Z","epson - comercial"		
merchandising,"zzlapiceroepson","lapiceros epson industrial",8,999.00, ,"","Z","epson"		
merchandising,"zzlapicerointel","lapicero intel",>20,999.00, ,"","Z","intel corp"		
merchandising,"zzlapicerosandi","lapicero rojo sandisk",>20,999.00, ,"","Z","sandisk"		
merchandising,"zzlibretaepscom","libreta eps comercial",>20,9999999.99, ,"","Z","epson - comercial"		
merchandising,"zzlibretainteld","libreta intel - deltron",>20,999.00, ,"","Z","intel corp"		
merchandising,"zzlibretasandis","libreta roja sandisk",>20,999.00, ,"","Z","sandisk"		
merchandising,"zzlibretasnegro","libretas negro lg",>20,100.00, ,"","Z","lg electronics"		
merchandising,"zzllaverohp","llavero hp", ,10.00, ,"","Z","zz otras marcas"		
merchandising,"zzloncheralgneg","lonchero negra lg",>20,100.00, ,"","Z","lg electronics"		
merchandising,"zzmmspte6018r","parlante teros merry christ",>20,6.20, ,"","Z","teros"		
merchandising,"zzmochilaepson","promo mochila epson",17,666.00, ,"","Z","epson"		
merchandising,"zzmousepaddeltr","mouse pad deltron",>20,600.00, ,"","Z","deltron"		
merchandising,"zzmugbotellaeps","mug botella epson",3,999.00, ,"","Z","epson"		
merchandising,"zzmugnegrolg","mug negro lg",>20,100.00, ,"","Z","lg electronics"		
merchandising,"zzplannersdeltr","planners deltron 2026",1,666.00, ,"","Z","zz otras marcas"		
merchandising,"zzpoleraceleste","polera celeste microsoft",>20,55.00, ,"","Z","microsoft oem"		
merchandising,"zzpoloamd","polo basico amd",>20,666.00, ,"","Z","amd-advanced micro device"		
merchandising,"zzpoloblancoeps","polo blanco epson industrial",>20,9.00, ,"","Z","epson"		
merchandising,"zzpoloblancotg2","polo blanco team group",>20,9999999.99, ,"","Z","zz otras marcas"		
merchandising,"zzpoloblncintel","polo blanco intel - deltron",>20,999.00, ,"","Z","intel corp"		
merchandising,"zzpolocamiseroa","polo camisero amd",>20,666.00, ,"","Z","amd-advanced micro device"		
merchandising,"zzpolocamiseros","polos camiseros samsung negro",3,9.00, ,"","Z","samsung"		
merchandising,"zzpolocelestemi","polo celeste microsoft",9,999.00, ,"","Z","zz otras marcas"		
merchandising,"zzpolociclismod","polo ciclismo deltron",>20,600.00, ,"","Z","deltron"		
merchandising,"zzpolocuelloazu","polo azul epson 26",>20,666.00, ,"","Z","epson"		
merchandising,"zzpoloepscomerc","polo negro eps comercial",>20,9999999.99, ,"","Z","epson - comercial"		
merchandising,"zzpologdcpltl","merch polo copilot talla l", ,0.03, ,"","Z","microsoft oem"		
merchandising,"zzresaltadoreps","resaltador epson",>20,666.00, ,"","Z","epson"		
merchandising,"zzrobotdeltronc","llavero robot deltroncito",>20,600.00, ,"","Z","deltron"		
merchandising,"zztarjeta220hpc","tarjeta 220 hp comercial",2,999.00, ,"","Z","hp comercial"		
merchandising,"zztarjeta30hpco","tarjeta 30 hp comercial", ,9999999.99, ,"","Z","hp comercial"		
merchandising,"zztasaslogit","tasa logitech",1,100.00, ,"","Z","logitech"		
merchandising,"zztomatodoepsco","tomatodo eps comercial",>20,9999999.99, ,"","Z","epson - comercial"		
merchandising,"zztomatodolgbla","tomatodo blanco lg",>20,100.00, ,"","Z","lg electronics"		
merchandising,"zztomatodomicro","tomatodo microsoft",>20,50.00, ,"","Z","zz otras marcas"		
merchandising,"zzventiladorpor","ventilador portatil deltron",>20,600.00, ,"","Z","deltron"		
merchandising,"zzzbotspkbl19","bottle w/speaker 530ml deltron",20,11.00, ,"","D","deltron"		
merchandising,"zzzdekeychain19","3 in 1 keychain cable deltron",>20,2.00, ,"","D","deltron"		
merchandising,"zzzdellanyard19","3 in 1 nylon lanyard cable adv", ,2.00, ,"","D","deltron"		
merchandising,"zzzpolopurpwd","merch polo purple (wd)",5,999.00, ,"","Z","western digital"		
merchandising,"zzzteroslbrta","libreta ecologica mod. ch-bf55",1,0.45, ,"","D","advance computer corp"		
merchandising,"zzzyelduck19","protector little yellow duck",1,0.45, ,"","D","deltron"		
merchandising,"zzzzadvlbrta","libreta ecologica mod. ch-bf55",1,0.45, ,"","D","advance computer corp"		
_______________,"_______________","__________________________________","__________"		
 ,"CODIGO","MOCHILA / BACKPACK","STOCK","PREC DISTRIB US $","PREC S/.","FLETE ","GARAN","MARCA"		
mochila / backpack,"accgx40q17225","mochila casual lenovo para laptop de hasta 15.6” b210, color negro[@@@]lleva tu estil",>20,10.63, ,"","Y","lenovo - idea"		
mochila / backpack,"accgx40q17226","mochila casual lenovo para laptop de hasta 15.6” b210, color azul[@@@]muévete con est",>20,10.63, ,"","Y","lenovo - idea"		
mochila / backpack,"accgx40q17231","maletin lenovo 15.6 casual toploader t210, compatible con portatiles de hasta 15.6[@",>20,11.40, ,"","Y","lenovo - idea"		
mochila / backpack,"accgx40q75214","mochila lenovo b510 para laptop de hasta 15.6, color negro[@@@]fabricada con materia",>20,15.26, ,"","Y","lenovo - idea"		
mochila / backpack,"accgx40q75216","mochila lenovo b515 para laptop de hasta 15.6, color azul[@@@]fabricada con material",>20,15.25, ,"","Y","lenovo - idea"		
mochila / backpack,"accgx41h70101","mochila moderna lenovo ideapad gaming (negro)[@@@]",>20,20.00, ,"","D","lenovo - idea"		
mochila / backpack,"acclengx41m5314","mochila lenovo legion 16 gaming backpack gb400[@@@]la mochila gamer lenovo legion gb",>20,26.40, ,"","D","lenovo - idea"		
mochila / backpack,"aclengx41c86982","mochila gaming lenovo legion active[@@@]la mochila lenovo legion active gaming es un ",>20,42.90, ,"","Y","lenovo - idea"		
mochila / backpack,"aclengx41m53147","mochila lenovo legion 16 gaming backpack gb700[@@@]la mochila gamer lenovo legion de",>20,52.90, ,"","D","lenovo - idea"		
mochila / backpack,"nbackte9045gr","backpack teros city iii te-9045gr, para notebooksde hasta 15.6 - color gris[@@@]mant",>20,17.20, ,"","D","teros"		
mochila / backpack,"nbackte9046bg","backpack teros city iii te-9046bg, para notebooksde hasta 15.6, color beige[@@@]elev",>20,17.20, ,"","D","teros"		
mochila / backpack,"nbackte9047sk","backpack teros city iii te-9047sk, para notebooksde hasta 15.6 - color azul claro[@@",>20,17.20, ,"","D","teros"		
mochila / backpack,"nbackte9048nv","backpack teros city iii navy te9048nv, para notebooks de hasta 15.6, color azul[@@@]",>20,17.20, ,"","D","teros"		
mochila / backpack,"nbackte9049rd","backpack teros roseann ii te-9049rd, para notebooks de hasta 14.1, color rojo[@@@]lu",>20,18.00, ,"","D","teros"		
mochila / backpack,"nbackte9050bk","backpack teros roseann ii te-9050bk, para notebooks de hasta 14.1 - color black[@@@]",>20,18.00, ,"","D","teros"		
mochila / backpack,"nbackte9051bl","backpack teros roseann ii te-9051bl, para notebooks de hasta 14.1 - color azul[@@@]o",>20,18.00, ,"","D","teros"		
mochila / backpack,"nbacte9018bk","backpack teros gamer vision te-acs9018bk, para notebooks de hasta 15.6[@@@]mochila g",>20,17.00, ,"","D","teros"		
mochila / backpack,"nbacte9019bl","backpack teros nova te-acs9019, para notebooks dehasta 15.6, color azul/marrón[@@@]e",14,8.70, ,"","D","teros"		
mochila / backpack,"nbacte9020gr","backpack teros nova te-acs9020gr, para notebooks de hasta 15.6, color gris/marrón[@@",9,8.70, ,"","D","teros"		
mochila / backpack,"nbacte9024br","backpack teros work peruvian te-acs9024br, para notebooks de hasta 15.6[@@@]la mochi",1,15.00, ,"","D","teros"		
mochila / backpack,"nbacte90282bl","backpack teros city ii te-9028-2b, para notebooksde hasta 15.6 - color azul[@@@]llev",>20,24.70, ,"","D","teros"		
mochila / backpack,"nbacte90282gr","backpack teros city ii te-9028-2gr, para notebooks de hasta 15.6 - color gris[@@@]mu",>20,24.70, ,"","D","teros"		
mochila / backpack,"nbacte9030bk","backpack teros elite te-9030bk, para notebooks dehasta 17, color negro[@@@]descubre ",>20,16.00, ,"","D","teros"		
mochila / backpack,"nbacte9031bl","backpack teros city ii te-9031bl, para notebooks de hasta 15.6, negro[@@@]lleva todo",>20,11.50, ,"","D","teros"		
mochila / backpack,"nbacte9032gr","backpack teros city ii te-9032gr, para notebooks de hasta 15.6, color verde[@@@]llev",>20,13.50, ,"","D","teros"		
mochila / backpack,"nbacte9033ag","backpack teros city ii te-9033ag, para notebooks de hasta 15.6, griss ceniza[@@@]mué",>20,13.50, ,"","D","teros"		
mochila / backpack,"nbacte9034bk","mochila de hidratación teros te-9034bk, incluye bolsa de agua de 2l, poliéster[@@@]ma",>20,11.80, ,"","D","teros"		
mochila / backpack,"nbacte9035bl","backpack teros elite te-9035bl, para notebooks dehasta 17, color azul[@@@]descubre l",>20,16.00, ,"","D","teros"		
mochila / backpack,"nbacte9037bk","travel backpack teros te9037bk, para notebooks dehasta 15.6, color black[@@@]explora",>20,25.90, ,"","D","teros"		
mochila / backpack,"nbacte9038bw","travel backpack teros te-9038bw, para notebooks de hasta 15.6, color brown[@@@]viaja",>20,25.90, ,"","D","teros"		
mochila / backpack,"nbacte9040bl","mochila teros te-9040bl, para laptops de hasta 15.6, color azul con gris[@@@]la moch",>20,8.20, ,"","Y","teros"		
mochila / backpack,"nbacte9040br","mochila teros te-9040br, para laptops de hasta 15.6, color marrón con gris[@@@]la mo",>20,8.20, ,"","Y","teros"		
mochila / backpack,"nbacte9040dg","backpack teros travel te-9040dg, para notebooks de hasta 15.6, color verde[@@@]versa",>20,25.90, ,"","D","teros"		
mochila / backpack,"nbacte9040ns","backpack teros te-9040bs, para notebooks de hasta15.6, color negro/gris[@@@]protege ",>20,8.20, ,"","D","teros"		
mochila / backpack,"zzacteacs9019","backpack teros nova blue/brown",>20,999.00, ,"","W","lenovo - thinkpad"		
mochila / backpack,"zzacteacs9020","backpack teros nova grey/brown",>20,99.00, ,"","W","lenovo - thinkpad"		
mochila / backpack,"zzmste9037bk","backpack teros travel 15.6 blk",5,9999.00, ,"","Z","microsoft oem"		
mochila / backpack,"zznbacte9024tos","zz mochila teros work(toshiba)",6,999.00, ,"","Z","toshiba - storage"		
mochila / backpack,"zznbacte9037bk","zz mochila trav 15.6 (toshiba)",>20,999.00, ,"","Z","toshiba - storage"		
mochila / backpack,"zzte9040bsm","backpack teros  black", ,999.00, ,"","Y","western digital"		
mochila / backpack,"zzzaclengx41c86","zzzmoch legion act g 17 adata",14,999.00, ,"","Z","adata"		
_______________,"_______________","__________________________________","__________"		
 ,"CODIGO","MONITOR CURVO 23","STOCK","PREC DISTRIB US $","PREC S/.","FLETE ","GARAN","MARCA"		
monitor curvo 23,"mon236cadv2452s","monitor curvo advance adv-2452s, 23.6 fhd va, 100hz, 1ms, hdmi, dp, parlante, negro[",1,66.00, ,"","P","advance computer corp"		
monitor curvo 23,"mon236cadv2456s","monitor curvo advance adv-2456s, 23.6 fhd va, 144hz, 1ms, hdmi, dp, audio out, parla",>20,82.00, ,"","P","advance computer corp"		
monitor curvo 23,"mon238cte2403s","monitor curvo teros te-2403s, 23.8 fhd va, 144hz, 1ms, hdmi, dp, audio out[@@@]mejor",>20,83.00, ,"","P","teros"		
_______________,"_______________","__________________________________","__________"		
 ,"CODIGO","MONITOR CURVO 27","STOCK","PREC DISTRIB US $","PREC S/.","FLETE ","GARAN","MARCA"		
monitor curvo 27,"mon27cadv2751s","monitor curvo advance adv-2751s, 27 fhd va, 100hz, 1ms, hdmi, dp, audio out, parlant",6,96.00, ,"","P","advance computer corp"		
monitor curvo 27,"mon27cadv2752s","monitor curvo advance adv-2752s, 27 fhd va, 144hz, 1ms, hdmi, dp, audio out, parlant",>20,105.00, ,"","P","advance computer corp"		
monitor curvo 27,"mon27cte2734s","monitor curvo teros te-2734s, 27 fhd va, 144hz, 1ms, hdmi, dp, audio out[@@@]lleva t",>20,103.00, ,"","P","teros"		
_______________,"_______________","__________________________________","__________"		
 ,"CODIGO","MONITOR CURVO 34","STOCK","PREC DISTRIB US $","PREC S/.","FLETE ","GARAN","MARCA"		
monitor curvo 34,"monhp21y56aaaba","monitor hp p34hc g4 wqhd va usb-c curvo 34 hdmi / dp / usb-a, color negro.[@@@]relac",>20,407.00, ,"","W","hp comercial"		
monitor curvo 34,"monle64aegar1la","monitor curvo lenovo thinkvision t34wd-40 34 1500r/wled wqhd/va/hdmi/dp/rj-45/usb-c/",>20,407.00, ,"","W","lenovo - thinkpad"		
_______________,"_______________","__________________________________","__________"		
 ,"CODIGO","MONITOR GAMING CURVO 23","STOCK","PREC DISTRIB US $","PREC S/.","FLETE ","GARAN","MARCA"		
monitor gaming curvo 23,"mon238cte2476g","monitor curvo gaming teros te-2476g, 23.8 fhd va, 180hz, 1ms, hdmi, dp, audio out[@@",20,73.00, ,"","P","teros"		
_______________,"_______________","__________________________________","__________"		
 ,"CODIGO","MONITOR GAMING CURVO 27","STOCK","PREC DISTRIB US $","PREC S/.","FLETE ","GARAN","MARCA"		
monitor gaming curvo 27,"mo27ms275cqdf24","monitor curvo msi mag 275cqdf x24, 27 wqhd va/240hz/hdmix2/dp/headphone-out[@@@]disf",15,153.80, ,"","F","msi"		
monitor gaming curvo 27,"mon27cte2767g","monitor curvo gaming teros te-2767g 27, qhd va, 180hz, 1ms, hdmi, dp, audio out[@@@]",9,160.00, ,"","P","teros"		
monitor gaming curvo 27,"mon27cte2787g","monitor curvo gaming teros te-2787g, 27 fhd va, 180hz, 1ms, hdmi, dp, audio out[@@@]",>20,97.00, ,"","P","teros"		
monitor gaming curvo 27,"mon27cte2788g","monitor curvo gaming teros te-2788g, 27 fhd va, 200hz, 1ms, hdmi, dp, audio out[@@@]",>20,124.00, ,"","P","teros"		
_______________,"_______________","__________________________________","__________"		
 ,"CODIGO","MONITOR GAMING CURVO 31.5","STOCK","PREC DISTRIB US $","PREC S/.","FLETE ","GARAN","MARCA"		
monitor gaming curvo 31.5,"mon315cte3218g","monitor curvo gaming teros te-3218g, 31.5 qhd va, 180hz, 1ms, hdmi, dp, audio out[@@",>20,175.00, ,"","P","teros"		
monitor gaming curvo 31.5,"monfvcte3219g","monitor curvo gaming teros te-3219g, 31.5 fhd va, 240hz, 1ms, hdmi, dp, audio out[@@",17,174.00, ,"","P","teros"		
monitor gaming curvo 31.5,"zzmon315cte3219","zz mon curv te-3219g (toshiba)",2,9999.00, ,"","Z","toshiba - storage"		
monitor gaming curvo 31.5,"zzzmonfvcte3219","zzmon curv te-3219g 31.5 adata",4,999.00, ,"","Z","adata"		
_______________,"_______________","__________________________________","__________"		
 ,"CODIGO","MONITOR GAMING CURVO 34","STOCK","PREC DISTRIB US $","PREC S/.","FLETE ","GARAN","MARCA"		
monitor gaming curvo 34,"mon34cte3412g","monitor curvo gaming teros te-3412g, 34 uwqhd va, 180hz, 1ms, hdmi, dp, audio out[@@", ,243.00, ,"","P","teros"		
monitor gaming curvo 34,"mon49cte4921g","monitor curvo gaming teros te-4921g, 49 uwqhd qd-oled, 144hz, 0.03ms, hdmi, dp, audi",>20,775.00, ,"","P","teros"		
_______________,"_______________","__________________________________","__________"		
 ,"CODIGO","MONITOR GAMING PLANO 23","STOCK","PREC DISTRIB US $","PREC S/.","FLETE ","GARAN","MARCA"		
monitor gaming plano 23,"mo24asvg249qm5a","monitor plano asus tuf gaming vg249qm5a, 23.8 led fhd fast ips, hdmix2/dp/earphone-o",>20,115.50, ,"","F","asus"		
monitor gaming plano 23,"mon24lg24g414b","monitor lg ultragear g4 24g414b, 24”/fhd/ips/144hz/hdmi/dp/salida para auriculares (3",>20,94.50, ,"","W","lg electronics"		
_______________,"_______________","__________________________________","__________"		
 ,"CODIGO","MONITOR GAMING PLANO 25","STOCK","PREC DISTRIB US $","PREC S/.","FLETE ","GARAN","MARCA"		
monitor gaming plano 25,"mo24asva249hg","monitor plano gaming asus va249hg, 23.8 fhd ips,120hz, 1ms, hdmi, vga,[@@@]lleva tu ",11,69.90, ,"","F","asus"		
monitor gaming plano 25,"mo24asvg249q5a","monitor plano asus tuf gaming vg249q5a 23.8 fhd/ips/hdmix2/dp/earphone-out/parlante(",>20,110.60, ,"","F","asus"		
monitor gaming plano 25,"mo25asvg259q5a","monitor plano asus tuf gaming vg259q5a, 24.5 ledfhd fast ips, hdmix2/dp/earphone jac",>20,99.50, ,"","W","asus"		
monitor gaming plano 25,"mo25asvg259qm5a","monitor plano asus tuf gaming vg259qm5a, 24.5 led fhd fast ips, hdmix2/dp/earphone j",>20,121.20, ,"","W","asus"		
monitor gaming plano 25,"mo25gbgs25f14","monitor gaming plano gs25f14, 24.5 edge led fhd ss ips (1920x1080)/hdmi/dp/earphone ",>20,71.80, ,"","F","gigabyte"		
monitor gaming plano 25,"mo25gbgs25f2","monitor gaming plano gs25f2, 24.5 edge led fhd ss ips (1920x1080)/hdmix2/dp/earphone",>20,85.02, ,"","P","gigabyte"		
monitor gaming plano 25,"mon245fte2475g","monitor plano gaming teros te-2475g, 24.5 fhd va, 180hz, 1ms, hdmi, dp, audio out[@@",>20,77.00, ,"","Z","teros"		
monitor gaming plano 25,"mon25lg25g523b","monitor lg ultragear g5 25g523b, 24.5”/fhd/ips/200hz/hdmi/dp/salida_auriculares (3.5m",17,118.50, ,"","W","lg electronics"		
_______________,"_______________","__________________________________","__________"		
 ,"CODIGO","MONITOR GAMING PLANO 27","STOCK","PREC DISTRIB US $","PREC S/.","FLETE ","GARAN","MARCA"		
monitor gaming plano 27,"mo27asva279hg","monitor plano gaming asus va279hg , 27 fhd ips, 120hz, 1ms, hdmi, vga[@@@]disfruta u",>20,92.00, ,"","F","asus"		
monitor gaming plano 27,"mo27asva279hg-b","mon 27 as va279hg fhd 120hz 1m",2,86.00, ,"","F","asus"		
monitor gaming plano 27,"mo27asvg279qm5a","monitor plano asus tuf gaming vg279qm5a 27 led fhd ips (1920x1080)/hdmix2/dp/earphon",>20,138.00, ,"","F","asus"		
monitor gaming plano 27,"mo27asvg27aq5a","monitor plano asus tuf gaming vg27aq5a, 27 led qhd ips (2560x1440) hdmix2/dp/earphon", ,181.50, ,"","P","asus"		
monitor gaming plano 27,"mo27gbgs27fa","monitor gaming plano gs27fa, 27 edge led fhd ss ips (1920x1080)/hdmix2/dp/earphone j",1,102.14, ,"","P","gigabyte"		
monitor gaming plano 27,"mon265fte2790g","monitor plano gaming teros te-2790g, 27 qhd qd-oled, 240hz, 0.03ms, hdmi, dp, audio ",3,340.00, ,"","P","teros"		
monitor gaming plano 27,"mon27fte2754g","monitor plano gaming teros te-2754g, 27 qhd ips,200hz, 1ms, hdmi, dp, audio out[@@@]",>20,157.00, ,"","P","teros"		
monitor gaming plano 27,"mon27fte2786g","monitor plano gaming teros te-2786g, 27 fhd ips,200hz, 1ms, hdmi, dp, audio out[@@@]",>20,97.00, ,"","P","teros"		
monitor gaming plano 27,"mon27lg27g411a","monitor lg 27g411a-b, 27”/fhd/ips/144hz/hdmi/dp/usb/headphones-out (3-polos, solo son",>20,113.60, ,"","W","lg electronics"		
monitor gaming plano 27,"mon27lg27g414b","monitor lg ultragear g4 27g414b, 27”/fhd/ips/144hz/hdmi/dp/salida para auriculares[@@",>20,113.90, ,"","W","lg electronics"		
monitor gaming plano 27,"mon27lg27g523b","monitor lg gaming ultragear g5, 27”/fhd/ips/200hz/hdmix2/dp/salida_auriculares (3-pol",>20,157.50, ,"","W","lg electronics"		
monitor gaming plano 27,"mon27lg27g610ab","monitor gaming lg ultragear g6, 27” qhd/ips/200hz/1ms (gtg)/hdmi x2/dp/headphone-out[",11,211.50, ,"","W","lg electronics"		
monitor gaming plano 27,"mon27lg27g640ab","mon lg gam ug 27 300hz 1ms",>20,242.50, ,"","W","lg electronics"		
monitor gaming plano 27,"mon27lg27g810a","monitor lg gamer ultragear 27g810a-b 27”/4k uhd/ips/180hz/hdmix2/dp/usb/salida_auricu",10,424.00, ,"","W","lg electronics"		
_______________,"_______________","__________________________________","__________"		
 ,"CODIGO","MONITOR GAMING PLANO 31.5","STOCK","PREC DISTRIB US $","PREC S/.","FLETE ","GARAN","MARCA"		
monitor gaming plano 31.5,"mon32lg32g620b","monitor lg gamer ultragear g6 32g620b-b 32”/qhd/ips/200hz/hdmix2/dp/salida_auriculare",5,267.50, ,"","W","lg electronics"		
_______________,"_______________","__________________________________","__________"		
 ,"CODIGO","MONITOR GAMING PLANO 34","STOCK","PREC DISTRIB US $","PREC S/.","FLETE ","GARAN","MARCA"		
monitor gaming plano 34,"mon24lg34g630a","mon gam ug 34\ 240hz wqhd ves",>20,331.30, ,"","W","lg electronics"		
_______________,"_______________","__________________________________","__________"		
 ,"CODIGO","MONITOR PLANO 21.45","STOCK","PREC DISTRIB US $","PREC S/.","FLETE ","GARAN","MARCA"		
monitor plano 21.45,"mon215fte2133s","monitor plano teros te-2133s, 21.5 fhd ips, 120hz, 1ms, hdmi, vga, audio out, parlan",13,53.00, ,"","P","teros"		
monitor plano 21.45,"monhp9u5b0utaba","monitor plano hp serie 3 pro 322pf, 21.5 wled/fhd/ips/100hz/antirreflectante/hdmi/dp",>20,120.00, ,"","W","hp comercial"		
monitor plano 21.45,"monhpak2f1ut","monitor plano hp serie 3 pro 322pe, 21.45 fhd/ips/100hz/antirreflectante/hdmi/vga[@@",>20,95.30, ,"","W","hp comercial"		
monitor plano 21.45,"monhpb0bn7utaba","monitor full hd de la serie hp 3 pro de 21.5 pulgadas - 322ph, fhd/ips/hdmi/dp/vga[@@",>20,125.30, ,"","W","hp comercial"		
monitor plano 21.45,"monle63b0mar6-b","monitor lenovo thinkvision t22i-30, 21.5 1920x1080 wled ips hdmi/dp/vga color raven ",15,124.50, ,"","W","lenovo - thinkpad"		
monitor plano 21.45,"monle63b0mar6la","monitor lenovo thinkvision t22i-30, 21.5 1920x1080 wled ips hdmi/dp/vga color raven ",>20,144.00, ,"","W","lenovo - thinkpad"		
monitor plano 21.45,"monle64c9mar6la","monitor lenovo thinkvision e22-40, 21.5 1920x1080 wled ips, hdmi/dp/vga color raven ",>20,121.50, ,"","W","lenovo - thinkpad"		
monitor plano 21.45,"zzmonte2130c","mon te 21.5 fhd 100hz 5ms (hp)",2,9999.00, ,"","W","hp comercial"		
_______________,"_______________","__________________________________","__________"		
 ,"CODIGO","MONITOR PLANO 23","STOCK","PREC DISTRIB US $","PREC S/.","FLETE ","GARAN","MARCA"		
monitor plano 23,"mo238adv2454am","mon adv 24\'' fhd 120hz 1ms ft",1,129.00, ,"","P","advance computer corp"		
monitor plano 23,"mon238fadv2454s","monitor plano advance adv-2454s, 23.8 fhd ips, 144hz, 1ms, hdmi, dp, audio out, parl",>20,59.70, ,"","P","advance computer corp"		
monitor plano 23,"mon238fte2415s","monitor plano teros te-2415s, 23.8 fhd ips, 120hz, 1ms, hdmi, dp, parlantes[@@@]mejo",2,63.50, ,"","P","teros"		
monitor plano 23,"mon238fte2416cs","monitor plano teros te-2416cs, 23.8 qhd ips, 100hz, 1ms, hdmi, dp, cámara, micrófono", ,160.00, ,"","P","teros"		
monitor plano 23,"mon238fte2417s","monitor plano teros te-2417s, 23.8 fhd ips, 144hz, 1ms, hdmi, dp, audio out, parlant",>20,72.00, ,"","P","teros"		
monitor plano 23,"mon24lg24u411bb","mon lg 24 ips 144hz 1ms mb fhd",>20,78.00, ,"","W","lg electronics"		
monitor plano 23,"monhp169l0aaaba","monitor hp e24mv g4, 23.8 fhd (1920x1080) ips, hdmi/vga/dp/usb-a 3.1 gen 1(4)[@@@]in",>20,219.00, ,"","W","hp comercial"		
monitor plano 23,"monhp6n6e6aaaba","monitor hp e24t g5 touch, 23.8” fhd ips(1920x1080) dp / hdmi / usb-a x4 / usb-b[@@@]e",>20,290.00, ,"","W","hp comercial"		
monitor plano 23,"monhp7n914ataba","monitor plano hp p24v g5, 23.8 fhd/va/antirreflectante/hdmi/vga[@@@]amplía tu visión",1,117.30, ,"","W","hp comercial"		
monitor plano 23,"monhp8x534aaaba","monitor plano hp serie 7 pro 24- 724pn, wuxga/ips/antirreflectante/hdmi/dp/usb-a/usb",10,297.00, ,"","W","hp comercial"		
monitor plano 23,"monhp8y2f7aaaba","monitor hp wuxga de la serie hp 7 pro 24 - 724puwuxga/ips/hdmi/dp/usb-c/usb-a/rj-45[",>20,334.00, ,"","W","hp comercial"		
monitor plano 23,"monhp9d9a7aaaba","monitor hp wuxga de la serie 5 pro de 24 - 524pnwuxga/ips/hdmi/dp/usb-b/usb-a x4[@@@",16,212.50, ,"","W","hp comercial"		
monitor plano 23,"monhp9d9l6utaba","monitor plano hp serie 5 pro 524pf 23.8 wled/fhd/ips/antirreflectante/hdmi/dp/usb-a/",>20,174.00, ,"","W","hp comercial"		
monitor plano 23,"monhp9u5c1aaaba","monitor plano hp serie 3 pro 324pv, 23.8 wled/fhd/va/100hz/antirreflectante/hdmi/vga",>20,118.30, ,"","W","hp comercial"		
monitor plano 23,"monhp9u5j5utaba","monitor plano hp series 3 pro 324pf, 23.8” fhd ips (1920x1080@100hz) dp / hdmi/ vga[@",7,129.90, ,"","W","hp comercial"		
monitor plano 23,"monle63d8mar3-s","monitor lenovo thinkvision t24v-30, 23.8 1920x1080 wled ips hdmi/dp/vga color raven ",>20,188.50, ,"","W","lenovo - thinkpad"		
monitor plano 23,"monle63edmar2la","monitor lenovo thinkvision e24-30, 23.8 1920x1080 wled ips hdmi/dp/vga color raven b",3,125.00, ,"","W","lenovo - thinkpad"		
monitor plano 23,"monle64a4marxla","monitor lenovo thinkvision t24-40 23.8 wled ips hdmix1/dpx1/vgax1/usb-ax3/usb-bx1/us", ,157.00, ,"","W","lenovo - thinkpad"		
monitor plano 23,"monle64b2gar1la","monitor plano lenovo thinkvision p24q-40, 23.8 qhd/ips/hdmi/dp/dp-out/usb-a/usb-b/us",>20,228.00, ,"","W","lenovo - thinkpad"		
monitor plano 23,"monle64b5kar1la","monitor plano lenovo thinkvision s24-4e, 23.8 wled fhd ips/hdmi/vga[@@@]el monitor l",1,88.90, ,"","W","lenovo - thinkpad"		
monitor plano 23,"monle64b6mar1la","monitor lenovo thinkvision t24-4v, 23.8 wled fhd/ips/hdmi/dp/vga/usb-a x3/usb-b/usb-",>20,205.00, ,"","W","lenovo - thinkpad"		
monitor plano 23,"monle64b9gar1la","monitor lenovo thinkvision t24d-40, 23.8 1920x1080 wled ips hdmi/dp/rj-45/raven blac",>20,207.00, ,"","W","lenovo - thinkpad"		
monitor plano 23,"zzzmonhp9u5c1aa","mon hp 23.8 serie 3 pro 324pv",10,666.00, ,"","W","microsoft oem"		
_______________,"_______________","__________________________________","__________"		
 ,"CODIGO","MONITOR PLANO 25","STOCK","PREC DISTRIB US $","PREC S/.","FLETE ","GARAN","MARCA"		
monitor plano 25,"mo24msmp243le14","monitor plano msi pro mp243l e14, 23.8 fhd/ips/hdmi x1/vga x1[@@@]el monitor msi pro",>20,71.40, ,"","F","msi"		
_______________,"_______________","__________________________________","__________"		
 ,"CODIGO","MONITOR PLANO 27","STOCK","PREC DISTRIB US $","PREC S/.","FLETE ","GARAN","MARCA"		
monitor plano 27,"mo27aspa278qgv","monitor asus proart display pa278qgv 27 qhd ips/dp/hdmi/usb-a 3.2 gen 1 x4/earphone ",>20,203.50, ,"","P","asus"		
monitor plano 27,"mo27aspa278qv","monitor asus proart display pa278qv 27 wqhd ips/mdp/dp/hdmi/dl-dvi/usb_hub/earphone ",>20,193.00, ,"","P","asus"		
monitor plano 27,"mon27fadv2755s","monitor plano advance adv-2755s, 27 fhd ips, 144hz, 1ms, hdmi, dp, audio out, parlan",>20,96.00, ,"","P","advance computer corp"		
monitor plano 27,"mon27fte2714s","monitor plano teros te-2714s, 27 fhd ips, 144hz,1ms, hdmi, dp, audio out, parlantes[",>20,82.00, ,"","P","teros"		
monitor plano 27,"mon27fte2715cs","monitor plano corporativo teros te-2715cs, qhd ips, 100hz, hdmi, dp, audio out, cámar",>20,170.00, ,"","P","teros"		
monitor plano 27,"mon27fte2720cs","monitor plano teros te-2720cs, 27 qhd ips, 144hz, 1ms, hdmi, dp, cámara, micrófono[@",>20,240.00, ,"","P","teros"		
monitor plano 27,"mon27lg27g440ab","monitor lg ultragear g4 27g440a-b 27”/fhd/ips/240hz/hdmix2/dp/salida para auriculares",>20,169.00, ,"","W","lg electronics"		
monitor plano 27,"mon27lg27u411b","monitor lg u4 27u411b-b, 27”/fhd/ips/144hz/hdmix1/salida_auriculares (3.5mm)[@@@]el m",>20,98.00, ,"","W","lg electronics"		
monitor plano 27,"mon27lg27u711b","mom lg 4k u7 27 inch ips",>20,200.00, ,"","W","lg electronics"		
monitor plano 27,"monhpb0cg3utaba","monitor full hd de la serie hp 3 pro de 27 pulgadas - 327pf, fhd/ips/hdmi/vga/display",16,157.50, ,"","W","hp comercial"		
monitor plano 27,"monle64a5mar6la","monitor plano lenovo thinkvision t27-40, 27 wledfhd ips/hdmi/dp/vga/usb-c/usb-b/usb-",16,208.50, ,"","W","lenovo - thinkpad"		
monitor plano 27,"monle64a7gar6la","monitor plano lenovo thinkvision p27q-40, 27 2k qhd fast ips, hdmi, dp, usb[@@@]elev",>20,267.00, ,"","W","lenovo - thinkpad"		
monitor plano 27,"monle64b8uar1la","monitor plano lenovo thinkvision t27qd-4v, 27 wled qhd/ips/hdmi/dp/dp-out/usb-c/rj45",>20,344.00, ,"","W","lenovo - thinkpad"		
monitor plano 27,"monle64bcmar4la","monitor lenovo thinkvision e27-40, 27 wled/fhd/ips/hdmi x1/dp x1/vga x1/parlantes: 2",>20,139.00, ,"","W","lenovo - thinkpad"		
monitor plano 27,"monle64bekar1la","monitor plano lenovo thinkvision s27-4e, 27 wled/fhd/ips/hdmi/vga[@@@]el monitor len",>20,133.30, ,"","W","lenovo - thinkpad"		
monitor plano 27,"monle67dekac1la","monitor plano lenovo l27-4c, 27 (1920x1080) wledfhd ips,144 hz, hdmi, vga[@@@]disfru",>20,131.90, ,"","W","lenovo - idea"		
monitor plano 27,"monle68cdkac1la","monitor plano lenovo l27-4e, 27(1920x1080) wled fhd ips, 100hz, hdmi, vga[@@@]mejora",17,114.00, ,"","W","lenovo - idea"		
monitor plano 27,"monlen63dfkar4l","monitor lenovo thinkvision s27i-30, 27 wled ips fhd (1920 x 1080), hdmi x2/vga x1[@@",>20,154.00, ,"","W","lenovo - thinkpad"		
_______________,"_______________","__________________________________","__________"		
 ,"CODIGO","MONITOR PLANO 29","STOCK","PREC DISTRIB US $","PREC S/.","FLETE ","GARAN","MARCA"		
monitor plano 29,"mon29lg29u511a","mom lg uw 29 inch 100 hz ips",>20,157.60, ,"","W","lg electronics"		
_______________,"_______________","__________________________________","__________"		
 ,"CODIGO","MONITOR PLANO 31.5","STOCK","PREC DISTRIB US $","PREC S/.","FLETE ","GARAN","MARCA"		
monitor plano 31.5,"monle64b0zar1la","monitor plano lenovo thinkvision t32ud-40, 31 wled uhd/ips/hdmi/dp/usb-c/usb-a/rj45[",1,517.00, ,"","W","lenovo - thinkpad"		
_______________,"_______________","__________________________________","__________"		
 ,"CODIGO","MONITOR PLANO 34","STOCK","PREC DISTRIB US $","PREC S/.","FLETE ","GARAN","MARCA"		
monitor plano 34,"mon34lg34u511ab","monitor lg 34u511a-b, 34”/wfhd/ips/100hz/hdmi/dp/headphones-out (3-polos, solo sonido",20,231.00, ,"","W","lg electronics"		
_______________,"_______________","__________________________________","__________"		
 ,"CODIGO","MONITOR PORTABLE 14","STOCK","PREC DISTRIB US $","PREC S/.","FLETE ","GARAN","MARCA"		
monitor portable 14,"monle62cauar1us","monitor lenovo thinkvision m15 15.6 wled ips 1920x1080, 2x usb-c 3.2 g1 (dp 1.2 alt ",10,177.00, ,"","W","lenovo - thinkpad"		
monitor portable 14,"monp156fte1501s","monitor portátil teros te-1501s, 15.6 fhd ips, hdmi, usb-c, audio out, parlantes[@@@",>20,83.00, ,"","D","teros"		
_______________,"_______________","__________________________________","__________"		
 ,"CODIGO","MONITORES TFT 24 - 28","STOCK","PREC DISTRIB US $","PREC S/.","FLETE ","GARAN","MARCA"		
monitores tft 24 - 28,"monle62aekar2la","monitor lenovo thinkvision s24e-20, 23.8 1920x1080 va, hdmi, vga, audio out[@@@]rati",8,114.00, ,"","W","lenovo - thinkpad"		
_______________,"_______________","__________________________________","__________"		
 ,"CODIGO","MONITORES, ACCESORIOS","STOCK","PREC DISTRIB US $","PREC S/.","FLETE ","GARAN","MARCA"		
monitores, accesorios,"acctlp167000","extensor hdmi tripp-lite p167-000, cat5 / cat6, doble transmisor, 2 placas de pared.[",19,42.00, ,"","W","tripp-lite"		
monitores, accesorios,"acctlp568050","cable de video tripp-lite p568-050, hdmi, hd 1080p, negro, 15.24 mts.[@@@]",>20,15.60, ,"","W","tripp-lite"		
monitores, accesorios,"acrackte7113","rack para monitor de 22 a 35 / brazo soporte teros te-7113[@@@]soporte de escritori",>20,30.00, ,"","D","teros"		
_______________,"_______________","__________________________________","__________"		
 ,"CODIGO","MONITORES, RACK SOPORTE","STOCK","PREC DISTRIB US $","PREC S/.","FLETE ","GARAN","MARCA"		
monitores, rack soporte,"accspkspmm710","soporte de pared + bandeja para teclado para monitor speaka professional sp-mm-710[@@",>20,68.00, ,"","D","speaka professional"		
monitores, rack soporte,"accspksppos100","soporte de monitor para terminal pos speaka professional sp-pos-100[@@@]el speaka pro",>20,58.00, ,"","D","speaka professional"		
monitores, rack soporte,"accspksppos200","soporte de escritorio para sistemas pos speaka professional sp-pos-200[@@@]el speaka ",>20,55.00, ,"","D","speaka professional"		
_______________,"_______________","__________________________________","__________"		
 ,"CODIGO","MONITORES/PANTALLAS, ACC","STOCK","PREC DISTRIB US $","PREC S/.","FLETE ","GARAN","MARCA"		
monitores/pantallas, acc,"accbkte9010s","rack portátil teros te-9010s para pantalla táctilinteractiva de 75 a 86, negro[@@@",15,140.00, ,"","D","teros"		
monitores/pantallas, acc,"accdste9011s","transmisor y receptor teros te-9011s hdmi inalámbrico para pantallas[@@@]transforma t",>20,45.00, ,"","D","teros"		
monitores/pantallas, acc,"dsopsteopsi540","módulo de computadora (ops) teopsi540 i5 12450h 16gb ddr4 ssd256gb 4k 60hz + tpm wi-f",>20,290.00, ,"","D","teros"		
monitores/pantallas, acc,"dsopsteopsi542","módulo de computadora (ops) teopsi542 i5 13420h 16gb ddr4 ssd512gb 8k 30hz + tpm wi-f",20,397.00, ,"","D","teros"		
monitores/pantallas, acc,"dsopsteopsi743","módulo de computadora (ops) teros teopsi743, corei7 13620h, 16gb, 512gb, hdmi, dp, us",1,670.00, ,"","D","teros"		
monitores/pantallas, acc,"ibhwidshc","huawei ideashare key usb&#8209	c (unidad de transferencia de medios) con wi&#8209	fi ",>20,105.00, ,"","D","huawei"
monitores/pantallas, acc,"swbw-mip30ps","gestor de carterleria digital magicinfo s3 bw-mip30ps samsung[@@@]", ,1100.00, ,"","W","samsung"		
_______________,"_______________","__________________________________","__________"		
 ,"CODIGO","MOUSE INALAMBRICO","STOCK","PREC DISTRIB US $","PREC S/.","FLETE ","GARAN","MARCA"		
mouse inalambrico,"accgx30k85315","mouse lenovo 300 compacto, inalámbrico (2.4ghz a través de nano receptor usb-a), negr",>20,11.50, ,"","Y","lenovo - idea"		
mouse inalambrico,"accgy50z18991","mouse lenovo 530 inalambrico/diseño ambidextro/sensor optico/1200 dpi/color rojo cere",>20,12.60, ,"","D","lenovo - idea"		
mouse inalambrico,"accgy50z49090","mouse lenovo 530 inalambrico/diseño ambidextro/sensor optico/1200 dpi/color grafito.[",>20,12.60, ,"","D","lenovo - idea"		
mouse inalambrico,"accgy51q65622","mouse lenovo silencioso bluetooth wl310[@@@]el lenovo wl310 bluetooth silent mouse of",>20,16.00, ,"","Y","lenovo - idea"		
mouse inalambrico,"aclen4y51d20849","mouse lenovo thinkpad essential inalambrico con receptor usb tipo-c, color negro[@@@]",>20,17.30, ,"","W","lenovo - thinkpad"		
mouse inalambrico,"msgy51s61906","mouse lenovo 350 silencioso, interfaz bluetooth, color luna gris, sin batería[@@@]el ",>20,15.90, ,"","Y","lenovo - idea"		
mouse inalambrico,"msgy51s61909","mouse lenovo 350 silencioso inalambrico (dual bluetooth 5.3) color gris nube, sin bat",>20,15.90, ,"","Y","lenovo - idea"		
mouse inalambrico,"msgy51s61912","mouse lenovo 350 silencioso, interfaz bluetooth, color uva meta , sin batería[@@@]el ",>20,15.90, ,"","Y","lenovo - idea"		
mouse inalambrico,"msgy51s61915","mouse lenovo 350 silencioso, interfaz bluetooth, color verde musgo, sin batería[@@@]e",>20,15.90, ,"","Y","lenovo - idea"		
mouse inalambrico,"mslengy50r91292","mouse inalambrico lenovo 400, conexion inalambrica via receptor nano usb, color negro",13,13.30, ,"","W","lenovo - idea"		
mouse inalambrico,"mslengy50z18985","mouse lenovo 530, inalambrico 2.4ghz (receptor nano usb), ambidiestro, sensor optico[",>20,12.60, ,"","Y","lenovo - idea"		
mouse inalambrico,"mslengy50z18987","mouse lenovo 530, interfaz sensor óptico, 1200dpi, 3 botones, color abismo azul[@@@]r",>20,12.60, ,"","Y","lenovo - idea"		
mouse inalambrico,"mslengy51l15686","mouse inalambrico compacto lenovo 300, color grisnube.[@@@]conectividad: receptor ina",>20,13.60, ,"","D","lenovo - idea"		
mouse inalambrico,"mslengy51l15687","mouse inalambrico compacto lenovo 300, color grisartico.[@@@]conectividad: receptor i",>20,10.60, ,"","D","lenovo - idea"		
mouse inalambrico,"mslengy51l15688","mouse inalambrico compacto lenovo 300, color azulescarcha.[@@@]conectividad: receptor",9,10.60, ,"","D","lenovo - idea"		
mouse inalambrico,"mslengy51p14335","mouse lenovo yoga pro, interfaz sensor óptico azul inalámbrico, 6 botones, verde azul",>20,31.65, ,"","Y","lenovo - idea"		
mouse inalambrico,"mslengy51s61900","lenovo 700 wireless grey mouse",>20,15.90, ,"","Y","lenovo - idea"		
mouse inalambrico,"mslengy51s61903","lenovo 700 wireles seashell ms",>20,15.90, ,"","Y","lenovo - idea"		
mouse inalambrico,"msmoulog004800","mouse óptico inalámbrico logitech m170, ambidiestro, receptor usb, 2.4 ghz, azul.[@@@",>20,8.50, ,"","D","logitech"		
mouse inalambrico,"msmoulog004941","mouse óptico inalámbrico logitech m170, ambidiestro, receptor usb, 2.4 ghz, rojo.[@@@",>20,8.50, ,"","D","logitech"		
mouse inalambrico,"msmoulog006862","mouse logitech m170 rose",>20,8.50, ,"","D","logitech"		
mouse inalambrico,"msmoulog006863","mouse logitech m170 blue gray",>20,9.80, ,"","D","logitech"		
mouse inalambrico,"mssle4y51j62544","mouse lenovo profesional, recargable, inalambrico(bluetooth)[@@@]el mouse recargable ",15,39.70, ,"","W","lenovo - thinkpad"		
mouse inalambrico,"mste5169n","mouse inalámbrico teros te-5169n, 2.4g+bluetooth,2400 dpi, usb, color negro[@@@]poten",>20,8.30, ,"","D","teros"		
mouse inalambrico,"mswbkte1228s","mouse inalámbrico teros te-1228s, 6 botones, 2.4ghz, usb, color negro[@@@]descubre el",>20,3.60, ,"","D","teros"		
mouse inalambrico,"mswbkte1230cs","mouse inalámbrico dual teros te-1230cs, 3 botones, 1200dpi[@@@]mouse inalámbrico tero",>20,5.40, ,"","D","teros"		
mouse inalambrico,"mswbkte1231s","mouse inalámbrico teros te-1231s, 2.4ghz, bt 5.0,4 botones, usb, negro[@@@]disfruta d",>20,5.40, ,"","D","teros"		
mouse inalambrico,"mswbkte1236s","mouse inalámbrico teros te-1236s, rgb, blanco, 6 botones con rueda[@@@]descubre el mo",>20,9.30, ,"","D","teros"		
mouse inalambrico,"mswbkte1249ai","mouse inalámbrico teros te-1249ai, 2.4ghz, 8 botones, ia, dpi 3200, usb, bt[@@@]poten",>20,11.50, ,"","D","teros"		
mouse inalambrico,"mswbkte1250ai","mouse inalámbrico teros te-1250ai , 2.4ghz, 8 botones, ia, dpi 3200, usb, bt[@@@]desc",>20,11.50, ,"","D","teros"		
mouse inalambrico,"mswbladv1238s","mouse inalámbrico adv-1238s, usb, 3 botones, azul[@@@]descubre el mouse inalámbrico  ", ,4.30, ,"","D","advance computer corp"		
mouse inalambrico,"mswblte1235s","mouse inalámbrico teros te-1235s, 2.4ghz, 6 botones, usb, color azul[@@@]el mouse ina",>20,3.60, ,"","D","teros"		
mouse inalambrico,"mswdbkte1237s","mouse inalámbrico teros te-1237s, bt 5.0, 2.4ghz,usb, color negro[@@@]descubre el mou",>20,5.40, ,"","D","teros"		
mouse inalambrico,"mswdblte1240s","mouse inalámbrico teros te-1240s, 2.4ghz, 4 botones, usb, color azul[@@@]descubre el ",>20,5.40, ,"","D","teros"		
mouse inalambrico,"mswdpplte1239s","mouse inalámbrico teros te-1239s, 2.4ghz, 4 botones, usb, color purple[@@@]el mouse i",>20,5.40, ,"","D","teros"		
mouse inalambrico,"mswpkte1234s","mouse inalámbrico teros te-1234s, 2.4ghz, 6 botones, usb, rosado[@@@]el mouse inalámb",>20,3.60, ,"","D","teros"		
mouse inalambrico,"zzmswbkte1231s","mouse wireless  te1231 bk",>20,999.00, ,"","D","microsoft oem"		
mouse inalambrico,"zzmswdpplte1239","mouse wireless  te1239 purple",>20,999.00, ,"","D","microsoft oem"		
mouse inalambrico,"zzte1250aiamd","ai mouse wireless amd teros",>20,99.00, ,"","D","amd-advanced micro device"		
_______________,"_______________","__________________________________","__________"		
 ,"CODIGO","MOUSE PAD/MAT, ACCESORIOS","STOCK","PREC DISTRIB US $","PREC S/.","FLETE ","GARAN","MARCA"		
mouse pad/mat, accesorios,"accmpbkte3015s","mouse pad teros te-3015s, negro[@@@]descubre el mouse pad teros te-3015s, diseñado pa",>20,2.85, ,"","D","teros"		
mouse pad/mat, accesorios,"accmpbkte3017s","mouse pad teros te-3017s, negro[@@@]descubre el mouse pad teros te-3017s, diseñado pa",>20,2.15, ,"","D","teros"		
mouse pad/mat, accesorios,"accmpbkte3018s","mousepad teros te-3018s, diseño impreso[@@@]descubre el mouse pad teros te-3018s, dis",>20,2.15, ,"","D","teros"		
mouse pad/mat, accesorios,"accmpbkte3019s","mousepad teros te-3019s, diseño impreso[@@@]descubre el mouse pad teros te-3019s, dis",>20,2.15, ,"","D","teros"		
mouse pad/mat, accesorios,"accmpbkte3020g","mousepad gamer teros te-3020g, diseño impreso e iluminación rgb[@@@]el mouse pad game",>20,5.60, ,"","D","teros"		
mouse pad/mat, accesorios,"accmpbkte3023g","mousepad gamer teros te-3023g, diseño impreso[@@@]el mouse pad teros te-3023g brinda ",>20,4.60, ,"","D","teros"		
_______________,"_______________","__________________________________","__________"		
 ,"CODIGO","MOUSE PARA GAMERS","STOCK","PREC DISTRIB US $","PREC S/.","FLETE ","GARAN","MARCA"		
mouse para gamers,"mscbkte1232g","mouse gamer teros te-1232g, dpi hasta 7200, rgb, 7 botones, óptico, negro[@@@]descubr",>20,5.10, ,"","D","teros"		
mouse para gamers,"mscbkte1233g","mouse gamer teros te-1233g, dpi hasta 7200, rgb,7botones, usb, negro[@@@]domina tus p",>20,5.10, ,"","D","teros"		
mouse para gamers,"msgy51u28359","mouse para juegos lenovo legion m220, inalámbrico, rgb, tri-mode (bluetooth, 2.4g, us",>20,18.90, ,"","Y","lenovo - idea"		
mouse para gamers,"mslengy50x79385","lenovo legion m600 wireless ms",>20,58.20, ,"","Y","lenovo - idea"		
mouse para gamers,"mslengy51c96033","lenovo legion m600 wl stingray",>20,58.20, ,"","Y","lenovo - idea"		
mouse para gamers,"mslengy51h47350","mouse gaming lenovo legion m300s, rgb, interfaz usb 2.0 (cableado)[@@@]diseñado para ",>20,23.80, ,"","Y","lenovo - idea"		
mouse para gamers,"mslengy51h47351","lenovo legion m300s rgb gaming",>20,23.80, ,"","Y","lenovo - idea"		
mouse para gamers,"mslengy51h47354","mouse gamer lenovo legion m600s, 6 botones, 19.000 dpi, optical pixart 3370[@@@]",>20,74.50, ,"","Y","lenovo - idea"		
mouse para gamers,"mslengy51m74265","mouse lenovo m210 rgb gaming, interfaz usb, sensor optico paw3333 de hasta 8000 dpi[@",>20,15.90, ,"","Y","lenovo - idea"		
_______________,"_______________","__________________________________","__________"		
 ,"CODIGO","MOUSE USB","STOCK","PREC DISTRIB US $","PREC S/.","FLETE ","GARAN","MARCA"		
mouse usb,"aclen4y50r20863","mouse óptico lenovo essential, 1600 dpi, usb, negro, presentación en caja.[@@@]",>20,10.40, ,"","W","lenovo - thinkpad"		
mouse usb,"aclen4y51d20850","mouse compacto lenovo thinkpad, interfaz usb-c[@@@]tanto si tienes la ultrabook más r",>20,12.10, ,"","W","lenovo - thinkpad"		
mouse usb,"mscbkte1222s","mouse óptico teros te-1222s, 800-1200-1600 dpi, usb, 4 botones[@@@]descubre precisión",>20,2.50, ,"","D","teros"		
mouse usb,"mscbkte1229s","mouse óptico teros te-1229s, usb, 4 botones, negro[@@@]descubre el mouse teros te-122",>20,2.50, ,"","D","teros"		
mouse usb,"mscblte1243s","mouse óptico teros te-1243s, 2000 dpi, usb, 4 botones, azul[@@@]obtén precisión y com",>20,2.50, ,"","D","teros"		
mouse usb,"mscgnte1227s","mouse óptico teros te-1227s, 800-1200-1600 dpi, usb, 4 botones, color verde[@@@]disfr",>20,2.50, ,"","D","teros"		
mouse usb,"mscpkte1226s","mouse Óptico teros te-1226s, 800-1200-1600 dpi, usb, 4 botones, color rosado[@@@]disf",>20,2.50, ,"","D","teros"		
mouse usb,"mscwhte1225s","mouse óptico teros te-1225s, 800-1200-1600 dpi, usb, 4 botones, color blanco[@@@]desc",>20,2.50, ,"","D","teros"		
mouse usb,"zzmscbkte1229s","mouse std usb te1229 bk",>20,999.00, ,"","D","microsoft oem"		
_______________,"_______________","__________________________________","__________"		
 ,"CODIGO","MS ESD APLICACIONES","STOCK","PREC DISTRIB US $","PREC S/.","FLETE ","GARAN","MARCA"		
ms esd aplicaciones,"msep207001","project pro 2024 all lng",>20,1072.62, ,"","Y","microsoft oem"		
ms esd aplicaciones,"msep207057","project standard 2024 all lng",>20,633.10, ,"","Y","microsoft oem"		
ms esd aplicaciones,"msep207111","visio pro 2024 all lng retail",>20,650.00, ,"","Y","microsoft oem"		
ms esd aplicaciones,"msep207167","visio std 2024 all lng retail",>20,316.00, ,"","Y","microsoft oem"		
_______________,"_______________","__________________________________","__________"		
 ,"CODIGO","MS ESD OFFICE","STOCK","PREC DISTRIB US $","PREC S/.","FLETE ","GARAN","MARCA"		
ms esd office,"msep206608","office home and business 2024",>20,195.68, ,"","Y","microsoft oem"		
ms esd office,"msep206800","office home 2024 all retail",>20,107.10, ,"","Y","microsoft oem"		
_______________,"_______________","__________________________________","__________"		
 ,"CODIGO","MS ESD OFFICE 365","STOCK","PREC DISTRIB US $","PREC S/.","FLETE ","GARAN","MARCA"		
ms esd office 365,"msesdep232295","licenciamiento virtual (esd) microsoft 365 familia (licencia de 12 meses / 1 a 6 usua",>20,70.10, ,"","Y","microsoft oem"		
ms esd office 365,"msesdep232316","licenciamiento virtual (esd) microsoft 365 personal (licencia de 12 meses / 1 usuario",>20,56.90, ,"","Y","microsoft oem"		
ms esd office 365,"msesdklq-00219","licenciamiento virtual (esd) microsoft 365 business standard[@@@]licencia de suscripc",>20,125.65, ,"","X","microsoft oem"		
ms esd office 365,"msesdspp-00005","licenciamiento virtual (esd) microsoft 365 apps for business[@@@]licencia de un año p",>20,82.93, ,"","X","microsoft oem"		
_______________,"_______________","__________________________________","__________"		
 ,"CODIGO","MS ESD WINDOWS BUSINESS","STOCK","PREC DISTRIB US $","PREC S/.","FLETE ","GARAN","MARCA"		
ms esd windows business,"msesdfqc10572","sistema operativo microsoft windows pro 11, 64-bits all languages pk lic online dwnld",>20,184.46, ,"","W","microsoft oem"		
_______________,"_______________","__________________________________","__________"		
 ,"CODIGO","MS ESD WINDOWS CONSUMER","STOCK","PREC DISTRIB US $","PREC S/.","FLETE ","GARAN","MARCA"		
ms esd windows consumer,"msesdkw900664","sistema operativo microsoft windows home 11, 64-bits all languages pk lic online dwnl",>20,121.47, ,"","W","microsoft oem"		
_______________,"_______________","__________________________________","__________"		
 ,"CODIGO","MS LICENCIAS","STOCK","PREC DISTRIB US $","PREC S/.","FLETE ","GARAN","MARCA"		
ms licencias,"mst38104491","microsoft windows exchange 2019, 1 licencia cal open business.[@@@]",10,500.00, ,"","Z","microsoft oem"		
ms licencias,"mst7nq00806","microsoft sql server 2016 standard core, open licence, 2 core, single language.[@@@]",1,3198.00, ,"","W","microsoft oem"		
ms licencias,"mst9em00652","microsoft windows server 2019 standar- 16 núcleos[@@@]",1,1039.00, ,"","Z","microsoft oem"		
ms licencias,"mstadvkk600001","licencia virtual windows 10 home.[@@@]solo activación aio advance, ( existen restricc", ,50.00, ,"","D","advance computer corp"		
ms licencias,"mstadvkn900001","win10 home entry nb olcoa3em", ,50.00, ,"","D","advance computer corp"		
ms licencias,"mstr1805767","microsoft windows server 2019 - license - 1 device cal.[@@@]single language.<br>",14,33.40, ,"","Z","microsoft oem"		
ms licencias,"mstswfqc02869","windows pro upgrade mvl ptnrsinlrning[@@@]",>20,9999999.99, ,"","Z","microsoft oem brand"		
ms licencias,"mstswp7306285","microsoft windows server 2012 r.2 standard - licencia - 2 procesadores[@@@]single lan",1,999.00, ,"","Z","microsoft oem"		
_______________,"_______________","__________________________________","__________"		
 ,"CODIGO","MS LICENCIAS CSP","STOCK","PREC DISTRIB US $","PREC S/.","FLETE ","GARAN","MARCA"		
ms licencias csp,"zzaccte7132n","cooler teros te-7132n, compatible con notebooks de hasta 15.6, 1 fan de 11 cm[@@@]op",6,999.00, ,"","Z","teros"		
_______________,"_______________","__________________________________","__________"		
 ,"CODIGO","MS OFFICE","STOCK","PREC DISTRIB US $","PREC S/.","FLETE ","GARAN","MARCA"		
ms office,"mstadvt5d01896","software microsoft office home and business 2013,español, dvd.[@@@]", ,210.98, ,"","X","advance computer corp"		
_______________,"_______________","__________________________________","__________"		
 ,"CODIGO","MS WINDOWS BUSINESS","STOCK","PREC DISTRIB US $","PREC S/.","FLETE ","GARAN","MARCA"		
ms windows business,"msfqc10553","sistema operativo microsoft windows 11 pro 64-bitspanish latam oem dvd[@@@]",>20,139.50, ,"","W","microsoft oem"		
ms windows business,"mshzv00126","win 11 pro for wrks 64bit 1pk",1,249.00, ,"","Y","microsoft oem"		
ms windows business,"mstfqc-01268","microsoft windows 7 pro latam advance (fqc-01268)", ,161.40, ,"","Z","advance computer corp"		
_______________,"_______________","__________________________________","__________"		
 ,"CODIGO","MS WINDOWS CONSUMER","STOCK","PREC DISTRIB US $","PREC S/.","FLETE ","GARAN","MARCA"		
ms windows consumer,"mstkw900657","sistema operativo microsoft windows home 11, 64 bits, español, 1pk, dsp oem dvd.[@@@]",>20,112.50, ,"","W","microsoft oem"		
_______________,"_______________","__________________________________","__________"		
 ,"CODIGO","MS WINDOWS SERVER","STOCK","PREC DISTRIB US $","PREC S/.","FLETE ","GARAN","MARCA"		
ms windows server,"msep225197","sistema operativo microsoft windows svr std 2025 64bit 1pk spanish oem (ep2-25197)[@@",>20,918.60, ,"","Y","microsoft oem"		
ms windows server,"msep225235","microsoft windows server cal 2025 1pk device cal (ep2-25235)[@@@]es una licencia de a",8,38.30, ,"","Y","microsoft oem"		
ms windows server,"msep225271","microsoft windows server cal 2025 1pk user cal (ep2-25271)[@@@]es una licencia de acc",>20,47.18, ,"","Y","microsoft oem"		
ms windows server,"msep225418","microsoft windows svr std 2025 spanish oei 2cr (apos) (ep2-25418)[@@@]Ésta licencia n",13,119.20, ,"","Y","microsoft oem"		
_______________,"_______________","__________________________________","__________"		
 ,"CODIGO","MUESTRA TABLETS","STOCK","PREC DISTRIB US $","PREC S/.","FLETE ","GARAN","MARCA"		
muestra tablets,"zzzadvtbsptrm","sample tablet sptrm", ,1100.00, ,"","Y","advance computer corp"		
_______________,"_______________","__________________________________","__________"		
 ,"CODIGO","MUESTRA, OTROS","STOCK","PREC DISTRIB US $","PREC S/.","FLETE ","GARAN","MARCA"		
muestra, otros,"zzzaccsuitcase","usb charging suitcase", ,1100.00, ,"","D","zz otras marcas"		
muestra, otros,"zzzbb24200116","all-in-one barebone  23.8", ,1100.00, ,"","Y","zz otras marcas"		
muestra, otros,"zzzminipc200103","zzz mini pc  f10 with 7500u 8g", ,1100.00, ,"","Y","zz otras marcas"		
muestra, otros,"zzztepsucoolzer","zzz power supply",1,0.45, ,"","Y","advance computer corp"		
_______________,"_______________","__________________________________","__________"		
 ,"CODIGO","MULTIMETRO DIGITAL","STOCK","PREC DISTRIB US $","PREC S/.","FLETE ","GARAN","MARCA"		
multimetro digital,"accvcravc252","multímetro voltcraft vc252 digital true rms loz cat iii 600 v pantalla (cuenta): 4000",>20,50.00, ,"","D","voltcraft"		
multimetro digital,"accvcravc831","multímetro voltcraft vc831 digital loz cat iii 1000v, cat iv 600v pantalla (cuenta): ",10,84.00, ,"","P","voltcraft"		
_______________,"_______________","__________________________________","__________"		
 ,"CODIGO","NOTEBOOK AMD ATHLON","STOCK","PREC DISTRIB US $","PREC S/.","FLETE ","GARAN","MARCA"		
notebook amd athlon,"nblen82yu00x5lm","notebook lenovo v15 g4 amn 15.6 fhd tn amd athlon silver 7120u 2.4/3.5ghz 8gb lpddr5", ,377.00, ,"","W","lenovo"		
_______________,"_______________","__________________________________","__________"		
 ,"CODIGO","NOTEBOOK AMD RYZEN 3","STOCK","PREC DISTRIB US $","PREC S/.","FLETE ","GARAN","MARCA"		
notebook amd ryzen 3,"nblen82yu00x4lm","notebook lenovo v15 g4 amn 15.6 fhd tn amd ryzen3 7320u 2.4 / 4.1ghz, 8gb lpddr5-480",>20,487.00, ,"","W","lenovo"		
_______________,"_______________","__________________________________","__________"		
 ,"CODIGO","NOTEBOOK AMD RYZEN 5","STOCK","PREC DISTRIB US $","PREC S/.","FLETE ","GARAN","MARCA"		
notebook amd ryzen 5,"nbase1504bq5556","nb asus vivobook go 15 e1504fa-bq5556/15.6 fhd/amd ryzen 5 40 4.3g/8g lpddr5/512g ss",>20,665.00, ,"","D","asus - consumo"		
notebook amd ryzen 5,"nbhpb9tq0la","nb hp 15 r5-7u 16 512 win",1,888.00, ,"","D","hp consumo"		
notebook amd ryzen 5,"nbhpd6fu8la","nb hp 200 g2a, 14 wuxga ips uwva, amd ryzen 5 220 3.2/4.9ghz, 8gb ddr5/512gb ssd m.2",>20,797.00, ,"","W","hp comercial"		
notebook amd ryzen 5,"nblen82xq00n6lm","notebook lenovo ideapad slim 3 15.6 fhd tn amd ryzen 5 7520u 2.8/4.3ghz, 16gb lpddr5",>20,656.50, ,"","D","lenovo - idea"		
notebook amd ryzen 5,"nblen82yu00x6lm","notebook lenovo v15 g4 amn 15.6 fhd tn, amd ryzen 5 7520u 2 2.8 /4.3ghz, 8gb lpddr5-",>20,605.00, ,"","W","lenovo"		
notebook amd ryzen 5,"nblen82yu00xylm","notebook lenovo v15 g4 amn, 15.6 fhd tn, amd ryzen 5 7520u 2.8/4.3ghz, 16gb lpddr5-4",>20,699.00, ,"","W","lenovo"		
_______________,"_______________","__________________________________","__________"		
 ,"CODIGO","NOTEBOOK AMD RYZEN 7","STOCK","PREC DISTRIB US $","PREC S/.","FLETE ","GARAN","MARCA"		
notebook amd ryzen 7,"nbas90nx09d1m0c","notebook asus pm1503cda-s70276 15.6” led fhd ips amd ryzen 7 170 3.2/4.75ghz, 16gb dd",1,654.00, ,"","W","asus - comercial"		
notebook amd ryzen 7,"nbhpa2cf5laabm","nb hp probook 445 g11/14 wuxga ips uwva/ryzen 7 7735u 4.75ghz/16gb ddr5-4800/1tb ssd",>20,997.00, ,"","W","hp comercial"		
notebook amd ryzen 7,"nbhpb77cbltabm","notebook hp 255r g10, 15.6 lcd led fhd sva amd ryzen 7 7735u hasta 4.7ghz, 16gb ddr5",>20,797.50, ,"","W","hp comercial"		
notebook amd ryzen 7,"nbhpd5mn1la","nb hp 15.6 r7-7 16gb 512 free", ,734.00, ,"","D","hp consumo"		
notebook amd ryzen 7,"nbhpd61mfltabm","nb hp 200g2a r7-250/16/512/fre",>20,1002.00, ,"","W","hp comercial"		
notebook amd ryzen 7,"nblen82yy002ylm","notebook lenovo v15 g4 abp, 15.6 fhd tn, amd ryzen 7 7730u 2.0/4.5ghz, 16gb ddr4-320",>20,737.00, ,"","W","lenovo"		
notebook amd ryzen 7,"nblen83k600eqlm","nb lenovo ideapad slim 3, 14 wuxga oled amd ryzen 7 7735hs 3.2/4.75g 16gb ddr5, 512g",3,675.00, ,"","D","lenovo - idea"		
notebook amd ryzen 7,"nblen83kt006plm","nb lenovo ideapad 5 2-in-1 14akp10, 14 wuxga ips, amd ryzen ai 7 350 5.0ghz, 16gb lp",>20,1022.00, ,"","D","lenovo - idea"		
notebook amd ryzen 7,"nblen83uj0012lm","nb lenovo ideapad 5 2-in-1, 14 wuxga ips/amd ryzen 7 250 5.1ghz/32gb ddr5/512gb ssd ",>20,913.00, ,"","D","lenovo - idea"		
_______________,"_______________","__________________________________","__________"		
 ,"CODIGO","NOTEBOOK AMD RYZEN AI 7","STOCK","PREC DISTRIB US $","PREC S/.","FLETE ","GARAN","MARCA"		
notebook amd ryzen ai 7,"nblen83td007xlm","nb lenovo yoga 7 2-in-1 14agp11, 14 wuxga oled, amd ryzen ai 7 445 4.6ghz, 32gb lpdd",>20,1372.00, ,"","D","lenovo - idea"		
_______________,"_______________","__________________________________","__________"		
 ,"CODIGO","NOTEBOOK CELERON","STOCK","PREC DISTRIB US $","PREC S/.","FLETE ","GARAN","MARCA"		
notebook celeron,"bbmg101a601-ehx","clamshell pupil 106p 2gb/500gb",1,160.00, ,"","X","zz otras marcas"		
notebook celeron,"nbadvnv9855slvm","notebook advance nv9855 15.6 celeron n4020 1.10 ghz 8gb ram 256gb ssd[@@@]descubre l",8,282.85, ,"","F","advance computer corp"		
notebook celeron,"nbadvnv9857gry","notebook advance adv-nv9857, 15.6 fhd ips, celeron n4500 1.1ghz, 8gb ddr4, 256gb ssd",>20,298.00, ,"","D","advance computer corp"		
notebook celeron,"nblen83m40016ld","notebook lenovo v15 g6 itn, 15.6 fhd tn, intel n100 hasta 3.4ghz, 8gb ddr5-4800 sodi",>20,435.00, ,"","W","lenovo"		
notebook celeron,"nbvadvnv9857bls","notebook advance adv-nv9857, 15.6 fhd ips, celeron n4500 1.1ghz, 8gb ddr4, 256gb ssd",>20,298.00, ,"","D","advance computer corp"		
notebook celeron,"nbvadvnv9857blu","notebook advance adv-nv9857, 15.6 fhd ips, celeron n4500 1.1ghz, 8gb ddr4, 256gb ssd",>20,298.00, ,"","D","advance computer corp"		
_______________,"_______________","__________________________________","__________"		
 ,"CODIGO","NOTEBOOK CORE 5","STOCK","PREC DISTRIB US $","PREC S/.","FLETE ","GARAN","MARCA"		
notebook core 5,"nbas90nx0881m2","nb asus expertbook p1503cva-s72381, 15.6 fhd ips, core 5 210h hasta 4.8ghz, 16gb ddr", ,621.00, ,"","W","asus - comercial"		
notebook core 5,"nbasx1504vbq569","nb asus vivobook 15, x1504va-bq5699/15.6 fhd ips/core 5-120u 5.0g/8gb ddr5/512gb ssd",>20,733.00, ,"","D","asus - consumo"		
notebook core 5,"nbasx154mabq569","nb asus vivobook 15, x1504ma-bq569/15.6 fhd ips/core 5-320 4.6ghz/8gb ddr5/512gb ssd",>20,742.00, ,"","D","asus - consumo"		
notebook core 5,"nbhpbp0j4la","nb hp 250r g9, 15.6 led hd sva, core 5 120u 1.4 / 5.0ghz, 8gb ddr4-3200/512gb ssd m.",>20,849.00, ,"","W","hp comercial"		
notebook core 5,"nbhpc47tyat","nb hp probook 4 g1ir/14 wuxga ips uwva/core 5 120u 1.4/5ghz/16gb ddr5-5600/512gb ssd",>20,996.00, ,"","W","hp comercial"		
notebook core 5,"nbhpd61lbatabm","nb hp 200g2i c5-120/16/512/fre",>20,907.00, ,"","W","hp comercial"		
notebook core 5,"nbhpd6zf6la","nb hp omnibook 3 14-hu0051la, 14 2k ips, core 5 120u hasta 5ghz/8gb ddr5/512gb ssd m",>20,694.00, ,"","D","hp consumo"		
notebook core 5,"nbhpdb9v5atabm","nb hp 250r g10, 15.6 led hd sva, core 5 120u 1.8/ 5.0ghz, 16gb ddr5-5200/512gb ssd m",>20,772.50, ,"","W","hp comercial"		
notebook core 5,"nbhpdm8v2la","nb hp 15-fd1258la, 15.6 fhd ips, core 5-120u hasta 5.0ghz/8gb ddr4/256gb ssd m.2[@@@",>20,565.00, ,"","D","hp consumo"		
notebook core 5,"nble83hfs03b-16","notebook lenovo v15 g5 irl, 15.6 lcd led fhd, core 5-210h 2.2 / 4.8ghz, 16gb ddr5-52",1,737.00, ,"","W","lenovo"		
notebook core 5,"nblen21us004mld","nb lenovo thinkbook 16 g9 irl/16 wuxga ips/core 5 210h 4.8ghz/16g ddr5-5600/512gb ss",>20,928.00, ,"","W","lenovo - thinkpad"		
notebook core 5,"nblen21us00fjlp","nb lenovo thinkbook 16 g9 irl/16 wuxga ips/core 5 210h 4.8ghz/16gb ddr5-5600/1tb ssd",>20,1074.00, ,"","W","lenovo - thinkpad"		
notebook core 5,"nblen83hfs03500","notebook lenovo v15 g5 irl, 15.6 lcd led fhd, core 5-210h 2.2 / 4.8ghz, 8gb ddr5-520",>20,605.00, ,"","W","lenovo"		
notebook core 5,"nblen83hfs03b00","notebook lenovo v15 g5 irl, 15.6 lcd led fhd, core 5-210h 2.2 / 4.8ghz, 8gb ddr5-520",>20,712.00, ,"","W","lenovo"		
notebook core 5,"nblen83rr00gwlm","nb lenovo ideapad slim 3 15iwc11 15.3 wuxga ips/core 5 320 4.6ghz/16gb ddr5/512gb ss",>20,764.00, ,"","D","lenovo - idea"		
notebook core 5,"nblen83rr00htlm","nb lenovo ideapad slim 3 15iwc11, 15.3 wuxga ips/core 5 320 4.6ghz/8gb ddr5/512gb ss",>20,632.00, ,"","D","lenovo - idea"		
_______________,"_______________","__________________________________","__________"		
 ,"CODIGO","NOTEBOOK CORE 7","STOCK","PREC DISTRIB US $","PREC S/.","FLETE ","GARAN","MARCA"		
notebook core 7,"nbhpd2dx8atabm","notebook hp 250r g10, 15.6 led backlit fhd sva, core 7 150u hasta 5.4ghz, 16gb ddr5-",>20,897.00, ,"","W","hp comercial"		
notebook core 7,"nbhpd2ls6la","nb hp 15-fd0374la, 15.6 fhd ips, core 7-150u hasta 5.4ghz/16gb ddr5/512gb ssd m.2[@@",>20,955.00, ,"","D","hp consumo"		
notebook core 7,"nbhpd61m2ltabm","nb hp 200g2i c7-150/16/512/fre",>20,1055.00, ,"","W","hp comercial"		
notebook core 7,"nblen21sh009qld","notebook thinkbook 16 g8 irl lenovo, 16 wuxga ips, core 7 240h 5.2ghz, 16gb ddr5-560", ,983.00, ,"","W","lenovo - thinkpad"		
notebook core 7,"nblen83rr00gulm","nb lenovo ideapad slim 3 15iwc11 15.3 wuxga ips/core 7 350 4.8ghz/16gb ddr5/512gb ss",>20,885.00, ,"","E","lenovo - idea"		
_______________,"_______________","__________________________________","__________"		
 ,"CODIGO","NOTEBOOK CORE 9","STOCK","PREC DISTRIB US $","PREC S/.","FLETE ","GARAN","MARCA"		
notebook core 9,"nbasx1605vmb236","nb asus vivobook 16, x1605vapbf-mb236, 16 wuxga ips, core 9 270h 2.7-5.8ghz/16gb ddr",>20,844.00, ,"","D","asus - consumo"		
_______________,"_______________","__________________________________","__________"		
 ,"CODIGO","NOTEBOOK CORE i3","STOCK","PREC DISTRIB US $","PREC S/.","FLETE ","GARAN","MARCA"		
notebook core i3,"nblen83gw005mld","notebook lenovo v15 g5 irl, 15.6 fhd tn, core i3-1315u de hasta 4.5ghz, 8gb ddr5-520",>20,551.00, ,"","W","lenovo"		
notebook core i3,"nblen83gw005nld","notebook lenovo v15 g5 irl, 15.6 fhd tn, core i3-1315u de hasta 4.5ghz, 8gb ddr5-520",>20,537.00, ,"","W","lenovo"		
_______________,"_______________","__________________________________","__________"		
 ,"CODIGO","NOTEBOOK CORE i5","STOCK","PREC DISTRIB US $","PREC S/.","FLETE ","GARAN","MARCA"		
notebook core i5,"nblen83gw005jld","notebook lenovo v15 g5 irl, 15.6 fhd tn, core i5-13420h 2.1/4.6ghz, 16gb ddr5-5200mh",>20,787.00, ,"","W","lenovo"		
notebook core i5,"nblen83k100kklm","notebook lenovo ideapad slim 3 15irh10 15.3 wuxga ips core i5-13420h 2.1/4.6ghz 24gb",9,720.00, ,"","D","lenovo - idea"		
notebook core i5,"nblen83k1016clm","nb lenovo ideapad slim 3, 15.3 wuxga ips, core i5-13420h 4.6ghz, 16gb ddr5, 512gb ss",>20,670.00, ,"","W","lenovo - idea"		
notebook core i5,"nblen83k101fdlm","nb lenovo ideapad slim 3 15.3 wuxga ips touch core i5-13420h 4.6ghz, 16gb ddr5, 512g",>20,699.00, ,"","W","lenovo - idea"		
notebook core i5,"nblen83k101felm","nb lenovo ideapad slim 3, 15.3 wuxga ips, core i5-13420h 4.6ghz, 16gb ddr5, 512gb ss",6,686.00, ,"","D","lenovo - idea"		
notebook core i5,"nblen83k101ltlm","nb len 15 i5-13 08 512 free",>20,633.00, ,"","D","lenovo - idea"		
notebook core i5,"nblen83k200bmlm","nb lenovo ideapad slim 3, 16 wuxga ips, core i5-13420h 4.6ghz, 16gb ddr5, 512gb ssd ",>20,704.00, ,"","W","lenovo - idea"		
_______________,"_______________","__________________________________","__________"		
 ,"CODIGO","NOTEBOOK CORE i7","STOCK","PREC DISTRIB US $","PREC S/.","FLETE ","GARAN","MARCA"		
notebook core i7,"nblen83gw005fld","notebook lenovo v15 g5 irl, 15.6 fhd tn, core i7-13620h 2.4/4.9ghz, 16gb ddr5-5200mh",>20,867.00, ,"","W","lenovo"		
notebook core i7,"nblen83gw005gld","notebook lenovo v15 g5 irl, 15.6 fhd tn, core i7-13620h hasta 4.90ghz, 8gb ddr5-5200",>20,664.00, ,"","W","lenovo"		
notebook core i7,"nblen83gw005hld","notebook lenovo v15 g5 irl, 15.6 fhd tn, core i7-13620h 2.4/4.9ghz, 16gb ddr5-5200mh",>20,797.00, ,"","W","lenovo"		
notebook core i7,"nblen83k1016elm","nb lenovo ideapad slim 3 15irh10, 15.3 wuxga ips, core i7 13620h hasta 4.9ghz, 16gb ",>20,725.00, ,"","W","lenovo - idea"		
_______________,"_______________","__________________________________","__________"		
 ,"CODIGO","NOTEBOOK CORE ULTRA 5","STOCK","PREC DISTRIB US $","PREC S/.","FLETE ","GARAN","MARCA"		
notebook core ultra 5,"nblen21qd0019lm","notebook lenovo thinkpad t14 gen 6 14 wuxga ips core ultra 5 225u hasta 4.8ghz, 16gb",>20,1717.00, ,"","W","lenovo - thinkpad"		
notebook core ultra 5,"nblen21s7000vlm","nb lenovo thinkpad l14 gen 6, 14 wuxga ips , core u5 225u 4.8ghz, 16gb ddr5-5600, 51",>20,1521.00, ,"","W","lenovo - thinkpad"		
notebook core ultra 5,"nblen21s7000wlm","nb lenovo thinkpad l14 gen 6, 14 wuxga ips, coreu5 225u 4.8ghz, 16gb ddr5-5600, 1tb[",>20,1629.00, ,"","W","lenovo - thinkpad"		
notebook core ultra 5,"nblen21sj00b0lm","nb lenovo thinkbook 14 g8 ial, 14 wuxga ips, core u5 225u 4.8 ghz, 16gb ddr5-5600, 5",>20,1157.00, ,"","W","lenovo - thinkpad"		
_______________,"_______________","__________________________________","__________"		
 ,"CODIGO","NOTEBOOK CORE ULTRA 5 AI","STOCK","PREC DISTRIB US $","PREC S/.","FLETE ","GARAN","MARCA"		
notebook core ultra 5 ai,"nbhpdj2u4at","nb 16 pb4g2i/u5325/16/512/w11p",>20,1335.00, ,"","W","hp comercial"		
notebook core ultra 5 ai,"nbhpdk5e5at","nb 14 eb8g2i/u5355/32/512/w11p",>20,1815.00, ,"","W","hp comercial"		
_______________,"_______________","__________________________________","__________"		
 ,"CODIGO","NOTEBOOK CORE ULTRA 7","STOCK","PREC DISTRIB US $","PREC S/.","FLETE ","GARAN","MARCA"		
notebook core ultra 7,"nbas90nx08f1m07","nb asus expertbook b5605cca-pl0202x/16 wqxga ips/core ultra 7 255h 5.1g/32gb ddr5/1t",>20,2349.00, ,"","W","asus - comercial"		
notebook core ultra 7,"nbas90nx08l1m02","nb asus expertbook b3405cca-ly1868x 14 ips core ultra 7 255h 2.0/5.1ghz, 16gb ddr5[@",2,1290.00, ,"","W","asus - comercial"		
notebook core ultra 7,"nbas90nx0ap2m09","nb asus expertbook b3406cca-ly0238x/14 ips/core ultra 7 255h 5.1ghz/1tb ssd m.2/16gb",>20,1685.00, ,"","W","asus - comercial"		
notebook core ultra 7,"nbas90nx0ar2m06","nb asus expertbook b3606cca-mb0181x/16 ips/core ultra 7 255h 5.1ghz/1tb ssd m.2/16gb",>20,1728.00, ,"","W","asus - comercial"		
notebook core ultra 7,"nbasux345ql225w","nb asus zenbook 14 ux3405ca-ql225w/14 wuxga oledtouch/core ultra 7 255h 5.1g/16g lpd",10,1375.00, ,"","D","asus - consumo"		
notebook core ultra 7,"nbhpa1up3ltabm","nb hp elitebook 840 g11 14 lcd led wuxga, core ultra 7 155u, 4.8ghz, 16gb ddr5-5600m",>20,1694.00, ,"","W","hp comercial"		
notebook core ultra 7,"nbhpbn4c8ltabm","nb hp elitebook 6 g1i 14 wuxga uwva, core ultra 7 255u 2/5.2ghz, 16gb ddr5, 512gb ss",3,1485.00, ,"","W","hp comercial"		
notebook core ultra 7,"nbhpbs6h1ltabm","nb hp elitebook 8 g1i 14 wuxga uwva, core ultra 7 255u 2/5.2ghz, 16gb ddr5, 1tb ssd ", ,1525.00, ,"","W","hp comercial"		
notebook core ultra 7,"nblen21ny0011lm","nb lenovo thinkpad x1 carbon gen 13, 14 wuxga ips core ultra 7 255u 5.2ghz, 32gb lpd",>20,2897.00, ,"","W","lenovo - thinkpad"		
notebook core ultra 7,"nblen21q1000elm","nb lenovo thinkpad x1 2-in-1 gen 10, 14 wuxga ips touch, core ultra 7 255u hasta 5.2",>20,3040.00, ,"","W","lenovo - thinkpad"		
notebook core ultra 7,"nblen21qd0015lm","notebook lenovo thinkpad t14 gen 6 14 wuxga ips core ultra 7 255u hasta 5.2ghz, 16gb",>20,2012.00, ,"","W","lenovo - thinkpad"		
notebook core ultra 7,"nblen21qf000ulm","notebook lenovo thinkpad t16 gen 4 16 wuxga ips,core ultra 7 255u hasta 5.2ghz 32gb ",1,2265.00, ,"","W","lenovo - thinkpad"		
notebook core ultra 7,"nblen21s7000ylm","nb len l14/ult7_255u/16/1/w11p",>20,1853.00, ,"","W","lenovo - thinkpad"		
notebook core ultra 7,"nblen21s70010lm","nb len l14/ult7_255u/32/1/w11p",17,2056.00, ,"","W","lenovo - thinkpad"		
notebook core ultra 7,"nblen21sb000mlm","nb lenovo thinkpad l16 gen 2, 16 wuxga ips, coreu7 225u 5.2ghz, 60hz, 16gb ddr5-5600",6,1805.00, ,"","W","lenovo - thinkpad"		
notebook core ultra 7,"nblen21sb000nlm","nb lenovo thinkpad l16 gen 2, 16 wuxga ips, coreu7 255u 5.2 ghz, 32gb ddr5-5600, 1tb", ,1955.00, ,"","W","lenovo - thinkpad"		
notebook core ultra 7,"nblen21sj00b1lm","nb le tb14/u7-255h/16/512/w11p",>20,1255.00, ,"","W","lenovo - thinkpad"		
notebook core ultra 7,"nblen21sk00celm","nb lenovo thinkbook 16 g8 ial/16 wuxga ips/core ultra 7 255h/16gb ddr5-5600/512gb ss", ,1345.00, ,"","W","lenovo - thinkpad"		
notebook core ultra 7,"nblen21sk00cflm","nb lenovo thinkbook 16 g8 ial, 16 wuxga ips, core ultra 7 255h de 5.1ghz, 16gb ddr5-",>20,1325.00, ,"","W","lenovo - thinkpad"		
notebook core ultra 7,"nblen21ss000jlm","notebook lenovo thinkpad e16 gen 3 16 wuxga ips core ultra 7 255h hasta 4.8ghz, 16gb",>20,1616.00, ,"","W","lenovo - thinkpad"		
notebook core ultra 7,"nblen21ss000klm","notebook lenovo thinkpad e16 gen 3 16 wuxga ips core ultra 7 255h hasta 5.1ghz, 32gb",>20,1795.00, ,"","W","lenovo - thinkpad"		
_______________,"_______________","__________________________________","__________"		
 ,"CODIGO","NOTEBOOK CORE ULTRA 7 AI","STOCK","PREC DISTRIB US $","PREC S/.","FLETE ","GARAN","MARCA"		
notebook core ultra 7 ai,"nbas90nx0a21m08","nb as 14 b5/u7-355/32/1t/w11p",>20,2383.00, ,"","W","asus - comercial"		
notebook core ultra 7 ai,"nbhpd8ad3at","nb 14 ebx g2i/u7356h/32/1/w11p",18,2969.50, ,"","W","hp comercial"		
notebook core ultra 7 ai,"nbhpdj3a7at","nb 16 pb4g2i/u7355/16/512/w11p",>20,1285.00, ,"","W","hp comercial"		
notebook core ultra 7 ai,"nhpbb2r8ltabm","nb hp elitebook x g1i 14 wuxga uwva tactil, coreultra 7 268v 2.2/5ghz, 32gb lpddr5x[", ,2125.00, ,"","W","hp comercial"		
_______________,"_______________","__________________________________","__________"		
 ,"CODIGO","NOTEBOOK CORE ULTRA 9","STOCK","PREC DISTRIB US $","PREC S/.","FLETE ","GARAN","MARCA"		
notebook core ultra 9,"nbasux345su159w","nb asus zenbook ux3405ca-su159w, 14 3k oled touch, core ultra 9 285h 2.9/5.4ghz, 16g",17,1540.00, ,"","D","asus - consumo"		
notebook core ultra 9,"nbasux846ql444w","nb asus zenbook duo ux8406ca-ql444w/14 fhd oled touch/core ultra 9 285h 5.4g/16g lpd",14,1885.00, ,"","D","asus - consumo"		
notebook core ultra 9,"nblen83v6004glm","nb lenovo ideapad slim 5 14imh10, 14 wuxga oled,core ultra 9 185h 2.3/5.1ghz, 16gb d",>20,955.00, ,"","W","lenovo - idea"		
_______________,"_______________","__________________________________","__________"		
 ,"CODIGO","NOTEBOOK GAM CORE ULTRA 9","STOCK","PREC DISTRIB US $","PREC S/.","FLETE ","GARAN","MARCA"		
notebook gam core ultra 9,"nbasg615ls206w","nb asus rog strix g16 g615lp-ts206w/16 2.5k wqxga/core ultra 9-290hx/16gb ddr5/rtx 5",20,2716.00, ,"","D","asus - consumo"		
notebook gam core ultra 9,"nbgmsib2wh","nb gaming msi raider 16 hx b2wh, 16 qhd+ ips, core ultra 9 275hx hasta 5.4ghz, 16gb ",10,2687.00, ,"","D","msi - consumo"		
notebook gam core ultra 9,"nbgmsib2wi","nb gaming msi raider 16 hx b2wi 16 qhd+ ips, core ultra 9 275hx hasta 5.4ghz, 16gb d",9,3202.00, ,"","D","msi - consumo"		
notebook gam core ultra 9,"nblen83ey000plm","notebook gaming lenovo legion 9 18iax10, 18 wquxga ips, core ultra 9 275hx 5.4ghz, 6", ,4285.75, ,"","D","lenovo - idea"		
notebook gam core ultra 9,"nblen83ey000rlm","notebook gaming lenovo legion 9 18iax10, 18 wquxga ips, core ultra 9 275hx 5.4ghz, 6",>20,4398.45, ,"","D","lenovo - idea"		
notebook gam core ultra 9,"nblen83f500fslm","notebook gaming lenovo legion 7 16iax10h, 16 wqxga oled, core ultra 9 275hx hasta 5.", ,4100.00, ,"","D","lenovo - idea"		
notebook gam core ultra 9,"nblen83ky006clm","nb lenovo legion 7 16 wqxga oled/core ultra 9 275hx 5.4ghz/32gb ddr5/1tb ssd m.2/rtx", ,2537.00, ,"","D","lenovo - idea"		
_______________,"_______________","__________________________________","__________"		
 ,"CODIGO","NOTEBOOK GAMING CORE 7","STOCK","PREC DISTRIB US $","PREC S/.","FLETE ","GARAN","MARCA"		
notebook gaming core 7,"nbasv3607tk285","nb gamer asus v16 v3607vj-tk285 16 wuxga /intel core 7-240h/8gb ddr5/rtx 3050 6gb[@@",>20,1204.00, ,"","D","asus - consumo"		
_______________,"_______________","__________________________________","__________"		
 ,"CODIGO","NOTEBOOK GAMING CORE i5","STOCK","PREC DISTRIB US $","PREC S/.","FLETE ","GARAN","MARCA"		
notebook gaming core i5,"nbasfx608tu380","nb asus tuf fx608jhi-tu380 f16 16 wuxga ips, core i5-14450hx 4.8ghz/8gb ddr5/rtx 505",>20,1410.00, ,"","D","asus - consumo"		
notebook gaming core i5,"nbhpd6em6la","nb hp victus gaming 15-fa2032la/15.6 fhd ips/core i5-13420h 4.6g/16gb ddr4/512gb ssd",>20,1251.00, ,"","D","hp consumo"		
notebook gaming core i5,"nbhpd74jmla","notebook hp victus gaming 15-fa2035la, 15.6” fhd ips, core i5-13420h hasta 4.6g, 8gb ",>20,1025.00, ,"","D","hp consumo"		
notebook gaming core i5,"nblen83gs00tklm","notebook gaming lenovo loq 15iax9, 15.6 fhd ips,core i5-12450hx hasta 4.4ghz, 16gb d",15,779.00, ,"","D","lenovo - idea"		
_______________,"_______________","__________________________________","__________"		
 ,"CODIGO","NOTEBOOK GAMING CORE i7","STOCK","PREC DISTRIB US $","PREC S/.","FLETE ","GARAN","MARCA"		
notebook gaming core i7,"nbasfx608tu312","nb asus tuf fx608jhi-tu312 f16 16 wuxga ips corei7-14650hx 5.2ghz/16gb ddr5/rtx 5050",>20,1690.00, ,"","D","asus - consumo"		
notebook gaming core i7,"nblen83je00q8lm","notebook gaming lenovo loq 15irx10, 15.6 fhd ips, core i7-13700hx 2.1 /5.0ghz, 16gb ",16,1250.00, ,"","D","lenovo - idea"		
notebook gaming core i7,"nblen83ly00j9lm","nb gaming lenovo legion 5 15irx10, 15.1 wqxga oled, core i7-14700hx 2.1/5.5ghz, 16gb",3,1580.00, ,"","D","lenovo - idea"		
notebook gaming core i7,"nblen83ly00palm","nb lenovo legion 5, 15.1 wqxga oled/core i7-14700hx 5.5ghz/32gb ddr5/1tb ssd m.2/rtx",>20,2265.00, ,"","D","lenovo - idea"		
notebook gaming core i7,"nblen83ly00srlm","nb gaming lenovo legion 5 15irx10 15.3 wuxga ips, core i7-13650hx hasta 4.9ghz, 16gb",>20,1528.00, ,"","D","lenovo - idea"		
_______________,"_______________","__________________________________","__________"		
 ,"CODIGO","NOTEBOOK GAMING CORE i9","STOCK","PREC DISTRIB US $","PREC S/.","FLETE ","GARAN","MARCA"		
notebook gaming core i9,"nbgmsie14wfk","nb gaming msi crosshair 16 hxe14wfk 16 qhd+ ips,core i9-14900hx 5.8ghz, 16gb ddr5[@@",>20,1992.00, ,"","D","msi - consumo"		
notebook gaming core i9,"nblen83nn0053lm","nb lenovo legion pro 5 16irx10 16 wqxga ips, core i9-14900hx 5.8ghz/16gb ddr5/1tb ss",>20,1895.00, ,"","D","lenovo - idea"		
notebook gaming core i9,"nblen83nn0058lm","notebook gaming lenovo legion pro 5 16irx10, 16 wqxga ips, core i9-14900hx 2.2 / 5.8",>20,1666.00, ,"","D","lenovo - idea"		
_______________,"_______________","__________________________________","__________"		
 ,"CODIGO","NOTEBOOK GAMING RYZEN 5","STOCK","PREC DISTRIB US $","PREC S/.","FLETE ","GARAN","MARCA"		
notebook gaming ryzen 5,"nblen83jc00mklm","notebook lenovo loq 15arp9, 15.6 fhd ips, amd ryzen 5 7235hs 3.2/4.2ghz, 8gb ddr5-48",11,812.00, ,"","D","lenovo - idea"		
_______________,"_______________","__________________________________","__________"		
 ,"CODIGO","NOTEBOOK GAMING RYZEN 7","STOCK","PREC DISTRIB US $","PREC S/.","FLETE ","GARAN","MARCA"		
notebook gaming ryzen 7,"nbasfa506hn334","nb asus tuf gaming a15/fa506ncg-hn334/15.6 fhd ips/ryzen 7 8845hs 5.1g/8g ddr5/rtx 3",>20,1001.00, ,"","D","asus - consumo"		
notebook gaming ryzen 7,"nbhpbt4f2la","notebook gaming hp victus 15-fb3022la, 15.6 fhd ips, amd ryzen 7 7445hs 4.7ghz, 16gb",>20,1079.00, ,"","D","hp consumo"		
notebook gaming ryzen 7,"nbhpbt4f6la","notebook gaming hp victus 15-fb3019la, 15.6 fhd ips, amd ryzen 7 7445hs hasta 4.7ghz",>20,868.00, ,"","D","hp consumo"		
notebook gaming ryzen 7,"nblen83jg007vlm","nb gaming lenovo loq 15ahp10, 15.6 fhd ips, amd ryzen 7 250 3.3/5.1ghz, 16gb ddr5-56",>20,1289.00, ,"","D","lenovo - idea"		
notebook gaming ryzen 7,"nblen83jg00b1lm","notebook gaming lenovo loq 15ahp10 15.6 fhd ips,amd ryzen 7 250 3.3/5.1ghz, 16gb ddr",3,1350.00, ,"","D","lenovo - idea"		
notebook gaming ryzen 7,"nblen83m0005glm","nb lenovo legion 5, 15.3 wuxga ips/ryzen 7 260 5.1ghz/16gb ddr5/1tb ssd m.2/rtx 5060",>20,1699.00, ,"","D","lenovo - idea"		
_______________,"_______________","__________________________________","__________"		
 ,"CODIGO","NOTEBOOK GAMING RYZEN 9","STOCK","PREC DISTRIB US $","PREC S/.","FLETE ","GARAN","MARCA"		
notebook gaming ryzen 9,"nbasfa608tu127","nb asus tuf fa608pp-tu127 a16/16 wuxga ips/amd ryzen 9 8940hx 5.3ghz/16g ddr5/rtx 50",>20,2002.00, ,"","D","asus - consumo"		
notebook gaming ryzen 9,"nbasg614rv010w","nb asus rog strix g16 g614fp-rv010w/16 wuxga ips/ryzen 9 9955hx 5.4g/16g ddr5/1tb ss",>20,2630.00, ,"","D","asus - consumo"		
notebook gaming ryzen 9,"nbgmsib8wi","nb gaming msi raider a16 hx b8wi 16 qhd+ ips, amd ryzen 9 8940hx hasta 5.2ghz, 16gb ",10,3149.00, ,"","D","msi - consumo"		
notebook gaming ryzen 9,"nbgmsie8wfk","nb gaming msi crosshair a16 hxe8wfk 16 qhd+ ips,amd ryzen 9 8940hx 5.3ghz, 16gb ddr5",>20,1959.00, ,"","D","msi - consumo"		
notebook gaming ryzen 9,"nbgmsie8wfk-b","nb gaming msi crosshair a16 hxe8wfk 16 qhd+ ips,amd ryzen 9 8940hx 5.3ghz, 16gb ddr5",1,1917.40, ,"","C","msi - consumo"		
notebook gaming ryzen 9,"nbhpc2da0la","notebook hp omen gaming 16-ap0007la, 16 2k ips amd ryzen 9 8940hx hasta 5.3ghz, 24gb",14,2093.00, ,"","D","hp consumo"		
notebook gaming ryzen 9,"nbhpd8rd8la","notebook hp gaming omen 16-ap0013la, 16 2k ips amd ryzen 9 8940hx hasta 5.3ghz, 24gb",>20,1935.00, ,"","D","hp consumo"		
notebook gaming ryzen 9,"nblen83lt002mlm","notebook lenovo legion pro 5, 16 wqxga ips, amd ryzen 9 8945hx 2.5/5.4ghz, 32gb ddr5",>20,1993.00, ,"","D","lenovo - idea"		
_______________,"_______________","__________________________________","__________"		
 ,"CODIGO","NOTEBOOK GM CORE ULT 9 AI","STOCK","PREC DISTRIB US $","PREC S/.","FLETE ","GARAN","MARCA"		
notebook gm core ult 9 ai,"nbasgu606b071w","nb rog zephyrus g16 gu606ap-tb071w/2.5k wqxga oled/core ultra 9 386h/16g lpddr5/1t ss",14,3056.00, ,"","D","asus - consumo"		
_______________,"_______________","__________________________________","__________"		
 ,"CODIGO","NOTEBOOK GM CORE ULTX9 AI","STOCK","PREC DISTRIB US $","PREC S/.","FLETE ","GARAN","MARCA"		
notebook gm core ultx9 ai,"nbasgx651r058w","nb rog zephyrus duo 16/16 3k oled touch /core ultra 9-386h/64gb ddr5/2tb ssd m.2/rtx",4,5659.00, ,"","D","asus - consumo"		
_______________,"_______________","__________________________________","__________"		
 ,"CODIGO","NOTEBOOK GM RYZEN AI 7","STOCK","PREC DISTRIB US $","PREC S/.","FLETE ","GARAN","MARCA"		
notebook gm ryzen ai 7,"nbhpcw4e3la","nbg gaming omen 17-db1001la, amd ryzen ai 7 350 5.0ghz, 16gb, 1tb, geforce rtx 5050 8",>20,1508.00, ,"","D","hp consumo"		
notebook gm ryzen ai 7,"nblen83f1002ulm","nb lenovo legion 5, 15.1 wqxga oled/ryzen ai 7 350 5.0ghz/16gb ddr5/1tb ssd m.2/rtx ",>20,1846.00, ,"","D","lenovo - idea"		
_______________,"_______________","__________________________________","__________"		
 ,"CODIGO","NOTEBOOK WORKSTATION","STOCK","PREC DISTRIB US $","PREC S/.","FLETE ","GARAN","MARCA"		
notebook workstation,"nbwbn4d4ltabm","notebook ws hp zbook 8 g1i, 16” wuxga uwva, core ultra 9 285h 2.9/5.4ghz, 32gb ddr5-5",2,2351.00, ,"","W","hp comercial"		
notebook workstation,"nbwhpa31drltabm","notebook ws hp zbook power 16, 16 wuxga uwva, core ultra 9-185h 2.3/5.1ghz 16gb ddr5",9,2355.00, ,"","W","hp comercial"		
notebook workstation,"nbwhpd5hh8lt","nb wks hp zbook 8 g1i/14 wuxga ips uwva/core ultra 7 255h 2/5.1ghz/32gb ddr5/1tb ssd",>20,2465.00, ,"","W","hp comercial"		
notebook workstation,"nbwhpd5hk0ltabm","nb wks hp zbook x g1i/16 wuxga ips uwva/core ultra 7 255h 2/5.1ghz/32gb ddr5/1tb ssd",>20,2635.00, ,"","W","hp comercial"		
notebook workstation,"nbwhpd5hk4lt","nb wks hp zbook x g1i/16 wuxga ips uwva/core ultra 9 285h 2.9/5.4ghz/32gb ddr5/1t ss",>20,2795.00, ,"","W","hp comercial"		
notebook workstation,"nbwle21qu0007lm","notebook lenovo thinkpad p14s gen 6, 14.5 wuxga ips, core ultra 7 255h 5.1ghz, 32gb ",8,2442.00, ,"","W","lenovo - thinkpad"		
notebook workstation,"nbwle21qw000alm","nb ws p16s/u7-255h/16/1t/v6/wp",9,2096.00, ,"","W","lenovo - thinkpad"		
notebook workstation,"nbwle21qw000blm","notebook lenovo thinkpad p16s gen 4 16 wuxga ipscore ultra 7 255h hasta 5.1ghz 32gb ",11,2392.00, ,"","W","lenovo - thinkpad"		
notebook workstation,"nbwle21rr0006lm","notebook lenovo thinkpad p16 gen 3 16 wuxga ips core ultra 7 255hx hasta 5.2ghz 32gb",17,3695.00, ,"","W","lenovo - thinkpad"		
notebook workstation,"nbwle21rt0009lm","nb ws p16v/u7-255h/32/1t/v8/wp",10,2975.00, ,"","W","lenovo - thinkpad"		
notebook workstation,"nbwle21rt000alm","notebook lenovo thinkpad p16v gen 3 16 wuxga ipscore ultra 9 285h hasta 5.4ghz 32gb ", ,3244.00, ,"","W","lenovo - thinkpad"		
_______________,"_______________","__________________________________","__________"		
 ,"CODIGO","NOTEBOOK, ACC PROPIETARIO","STOCK","PREC DISTRIB US $","PREC S/.","FLETE ","GARAN","MARCA"		
notebook, acc propietario,"accgxh0w29068","mouse & teclado pad lenovo legion gaming xl[@@@]para los jugadores que exigen un cont",>20,9.60, ,"","D","lenovo - idea"		
notebook, acc propietario,"accle40ag0090us","estación de acoplamiento lenovo 40ag0090us, vga /dp / dvi-d/ usb / 3.5mm / lan.[@@@] ",>20,19.00, ,"","W","lenovo - thinkpad"		
notebook, acc propietario,"accle4x20m26268","adaptador de poder (ca) lenovo 65w estándar,(usb tipo-c), 5v/2a, 9v/2a, 15v/3a o 20v/",>20,28.30, ,"","W","lenovo - thinkpad"		
notebook, acc propietario,"accle4x20v24674","adaptador de corriente delgado ac thinkpad lenovode 65w, usb-c[@@@]descubre el adapta",>20,34.70, ,"","W","lenovo - thinkpad"		
notebook, acc propietario,"achpwa995aa-b","base de expansión hp 2740 ultra-slim, usb / esata/ vga / lan / dp / dvd / audio.[@@@]", ,174.20, ,"","W","hp comercial"		
notebook, acc propietario,"aclen40aj0135-b","estación de acoplamiento thinkpad ultra con puertos dp(2)/hdmi/vga/lan/usb-c(2)/usb 3", ,1100.00, ,"","W","lenovo - thinkpad"		
notebook, acc propietario,"aclen40ay0090us","thinkpad universal usb-c dock (base universal multi-puertos usb-c)[@@@]la forma más i",10,165.30, ,"","W","lenovo - thinkpad"		
notebook, acc propietario,"aclen4xe1f30276","lenovo nanosaver essential cable lock (cable de seguridad)[@@@]lenovo security cable ",>20,22.70, ,"","W","lenovo - thinkpad"		
notebook, acc propietario,"acnbhpqk639aa","extensor de vida de batería hp st09, 9 celdas, tipo lithium polymer, capacidad 6600 m", ,55.00, ,"","W","hp comercial"		
notebook, acc propietario,"acpchpe0x96aa","sensor de bloqueo de cubierta de solenoide hp.[@@@]", ,12.97, ,"","W","hp comercial"		
notebook, acc propietario,"nbachppb993a","bateria hp travel li-ion 8-cell, para notebooks hp nc4200, nc6100,   nc6200, nc8200, ", ,55.00, ,"","W","hp comercial"		
_______________,"_______________","__________________________________","__________"		
 ,"CODIGO","NOTEBOOK, ACCESORIOS DE","STOCK","PREC DISTRIB US $","PREC S/.","FLETE ","GARAN","MARCA"		
notebook, accesorios de,"accgxh1c97869","mouse pad lenovo legion gaming control xxl[@@@]laserie de alfombrillas para ratón leg",>20,10.50, ,"","Y","lenovo - idea"		
notebook, accesorios de,"accle40awgn65us","adaptador lenovo gan nano de 65w[@@@]el adaptadorlenovo gan nano de 65 w es uno de lo",2,46.30, ,"","Y","lenovo - idea"		
notebook, accesorios de,"acclen40awgc65w","adaptador usb-c gan de lenovo de 65 w[@@@]el adaptador usb-c gan de 65 w de lenovo ma",7,48.90, ,"","Y","lenovo - thinkpad"		
notebook, accesorios de,"accte7020n","cooler teros te-7020n, compatible con notebooks de hasta 15.6, 2 fan de 12cm[@@@]coo",19,7.10, ,"","D","teros"		
notebook, accesorios de,"accte7021n","soporte para notebook teros te-7021n soporta tablets y notebooks de 10 hasta 15.6 n",>20,8.00, ,"","D","teros"		
notebook, accesorios de,"accte7023n","soporte teros te-7023n, compatible con notebooks de 14 hasta 19[@@@]soporte teros t",>20,4.50, ,"","D","teros"		
notebook, accesorios de,"accte7132n","cooler teros te-7132n, compatible con notebooks de hasta 15.6, 1 fan de 11 cm[@@@]op", ,15.40, ,"","D","teros"		
notebook, accesorios de,"accte7133n","cooler teros te-7133n rgb, compatible con notebooks de 14 hasta 19[@@@]cooler teros",>20,13.70, ,"","D","teros"		
notebook, accesorios de,"accte7134n","concentrador de puertos (hub) teros te-7134n gen 3 usb-c, 7 en 1[@@@]descubre el hub ",>20,20.70, ,"","D","teros"		
notebook, accesorios de,"accte7135n","cooler para notebook teros te-7135n, soporta tablets y notebooks de 9 hasta 16, pla",>20,14.00, ,"","D","teros"		
notebook, accesorios de,"accusb2mnextfnb","extensor de monitor de 14 para portatiles de 13- 17, fhd (1920x1080), ips, usb-c/h",5,150.00, ,"","C","kefeya"		
notebook, accesorios de,"actlsec6k","cable de seguridad con llave para laptop tripp-lite sec6k, 1.83 m, negro.[@@@]cable a",11,11.30, ,"","W","tripp-lite"		
notebook, accesorios de,"acu442dock5dggy","docking usb-c hdmi usb-a rj45",2,59.50, ,"","W","tripp-lite"		
notebook, accesorios de,"trpdocu342shg01","tripp lite series estación de conexión mini usb 3.x (5 gbps) con hdmi y vídeo vga, gb",6,92.20, ,"","W","tripp-lite"		
notebook, accesorios de,"zzacmpbkte3018s","zz mousepad teros by amd",>20,9.00, ,"","D","amd-advanced micro device"		
_______________,"_______________","__________________________________","__________"		
 ,"CODIGO","NOTEBOOK, MALETIN/MOCHILA","STOCK","PREC DISTRIB US $","PREC S/.","FLETE ","GARAN","MARCA"		
notebook, maletin/mochila,"accadvsl1501bg","funda laptop advance beige",>20,97.00, ,"","Y","advance computer corp"		
notebook, maletin/mochila,"accadvsl1501gry","funda para laptop advance grey",>20,99.00, ,"","Y","advance computer corp"		
notebook, maletin/mochila,"aclen4x41a30364","mochila lenovo thinkpad essential plus de (15.6 / 39.6 cm), color (negro / rojo)[@@@",>20,34.30, ,"","W","lenovo - thinkpad"		
notebook, maletin/mochila,"zzaccasute9042r","backpack te9042r amd by teros",>20,999.00, ,"","W","asus - comercial"		
notebook, maletin/mochila,"zzlengx41c86982","zzmochila legion act (toshiba)",3,999.00, ,"","Z","toshiba - storage"		
notebook, maletin/mochila,"zzportamaleps","porta maletin para proyector",1,19.00, ,"","Z","epson"		
_______________,"_______________","__________________________________","__________"		
 ,"CODIGO","PANTALLAS TACTILES INTERC","STOCK","PREC DISTRIB US $","PREC S/.","FLETE ","GARAN","MARCA"		
pantallas tactiles interc,"ds86uhdte8612w","pantalla táctil interactiva teros te8612w, 86 d-led ips (3840x2160), 8ms, 8gb, andro",3,1600.00, ,"","P","teros"		
_______________,"_______________","__________________________________","__________"		
 ,"CODIGO","PINZA AMPERIMETRICA DIG","STOCK","PREC DISTRIB US $","PREC S/.","FLETE ","GARAN","MARCA"		
pinza amperimetrica dig,"accvcravc371","pinza amperimétrica voltcraft vc-371 digital cat iii 600 v pantalla (cuenta): 4000[@@",>20,56.00, ,"","D","voltcraft"		
pinza amperimetrica dig,"accvcravc523","pinza amperimétrica voltcraft vc-523 digital cat iii 600 v pantalla (cuenta): 4000[@@",9,51.00, ,"","D","voltcraft"		
_______________,"_______________","__________________________________","__________"		
 ,"CODIGO","PIZARRAS TACTILES INTERC","STOCK","PREC DISTRIB US $","PREC S/.","FLETE ","GARAN","MARCA"		
pizarras tactiles interc,"ds86uhdte8614w","pantalla interactiva teros te-8614w, 86 uhd, 60hz, 8ms, hdmi, dp, usb-c, android 14[",4,1650.00, ,"","P","teros"		
_______________,"_______________","__________________________________","__________"		
 ,"CODIGO","PRECIO STANDARD","STOCK","PREC DISTRIB US $","PREC S/.","FLETE ","GARAN","MARCA"		
precio standard,"zzzzcalcu7canon","calculadora canon f-710",2,13.00, ,"","Z","productos de promocion-pu"		
_______________,"_______________","__________________________________","__________"		
 ,"CODIGO","PRODUCTOS SIN CLASIFICAR","STOCK","PREC DISTRIB US $","PREC S/.","FLETE ","GARAN","MARCA"		
productos sin clasificar,"zzgesiontecinfo","gestion tecno de la informacio",6,500.00, ,"","Z","zz otras marcas"		
productos sin clasificar,"zzinfcontoracle","infraestructur contable oracle",6,500.00, ,"","Z","zz otras marcas"		
productos sin clasificar,"zzkbprimepr5145","keyboards for prime pr5145",>20,1.00, ,"","Z","advance computer corp"		
productos sin clasificar,"zzplastorgbinby","plastic storage bin  - 27 glns", ,110.00, ,"","X","zz otras marcas"		
productos sin clasificar,"zzseguridadcctv","seguridad a instalaciones cctv",6,500.00, ,"","Z","zz otras marcas"		
productos sin clasificar,"zzz56628serg","servicio serigrafiado de monit", ,110.00, ,"","Z","zz otras marcas"		
productos sin clasificar,"zzztepilaskb","pilas para kb y mouse te-4031", ,3.00, ,"","Y","teros"		
productos sin clasificar,"zzzzcableutp","cable utp patch cord 3mts 5e", ,110.00, ,"","Z","zz otras marcas"		
_______________,"_______________","__________________________________","__________"		
 ,"CODIGO","PROTEC - MASCARAS KN95","STOCK","PREC DISTRIB US $","PREC S/.","FLETE ","GARAN","MARCA"		
protec - mascaras kn95,"zzmaskn95m6","mascarilla protectora kn95, caja x 40 unidades - color blanco[@@@]eficiencia de filtr",9,16.80, ,"","Y","zz otras marcas"		
_______________,"_______________","__________________________________","__________"		
 ,"CODIGO","RED WIFI ACCESORIOS","STOCK","PREC DISTRIB US $","PREC S/.","FLETE ","GARAN","MARCA"		
red wifi accesorios,"acchper6p67a","ap-poe-atsr 1p sr 802.3at 30w",12,75.00, ,"","W","hp enterprise - networking"		
red wifi accesorios,"acchupoeadp56v","adaptador poe+ (56v/35w ad-560062t0e) huawei ekitengine[@@@]adaptador poe+ (56v/35w a",>20,34.03, ,"","Y","huawei"		
red wifi accesorios,"nw806runl3u00","soporte para usuario final ruckus unleashed ap premium, 3 años.[@@@]", ,268.00, ,"","Z","ruckus"		
red wifi accesorios,"nw82311003rdy","licencia de actualización ruckus partner watchdog, zone director zd1100, 3 años.[@@@]", ,283.00, ,"","Z","ruckus"		
red wifi accesorios,"nwdldap1610","d-link ac1200 wifi range extender (dap&#8209	1610, amplificador de señal wi-fi)[@@@]e",>20,19.89, ,"","Y","d-link"	
red wifi accesorios,"nwhpeq9g71a","ap-500-mnt-w2 ap mount bracket",1,138.91, ,"","W","hp enterprise - networking"		
red wifi accesorios,"nwhper3j18a","ap mount bracket kit",>20,22.00, ,"","W","hp enterprise - networking"		
red wifi accesorios,"nwl09-vscg-ww00","licencia ruckus virtual smartcell gateway, 1 instancia, compatible con ap administrad", ,686.00, ,"","X","ruckus"		
red wifi accesorios,"nwrk82210193l00","licencia de actualización ruckus partner watchdog, para zonedirector 1106, 1 ap, 1 añ", ,948.00, ,"","Z","ruckus"		
red wifi accesorios,"nwrks02-vscg-3l","asistencia premium ruckus wireless partner watchdog, virtual smartzone, 3 años.[@@@]s", ,320.00, ,"","X","ruckus"		
red wifi accesorios,"nws0200015lsg","soporte premium de partner de ruckus wireless watchdog, s02-0001-5lsg, 5 años.[@@@]", ,110.00, ,"","Z","ruckus"		
red wifi accesorios,"pshu02312wsy","adaptador de corriente (ac-dc) 12v huawei ekitengine (usa hw-120200u1w)[@@@]adaptador",11,13.03, ,"","Y","huawei"		
_______________,"_______________","__________________________________","__________"		
 ,"CODIGO","RED WIFI ADAPTADORES USB","STOCK","PREC DISTRIB US $","PREC S/.","FLETE ","GARAN","MARCA"		
red wifi adaptadores usb,"adpusbdlkan3u","adaptador d-link usb n300 wi-fi 4 an3u[@@@]mejoratu conexión con el adaptador usb d-l",4,6.31, ,"","Y","d-link"		
_______________,"_______________","__________________________________","__________"		
 ,"CODIGO","RED WIFI AP EMPRESA","STOCK","PREC DISTRIB US $","PREC S/.","FLETE ","GARAN","MARCA"		
red wifi ap empresa,"aphuap761","outdoor ap (punto de acceso exterior) huawei ekitengine ap761[@@@]punto de acceso ext",19,239.80, ,"","Y","huawei"		
red wifi ap empresa,"nwdldap2610","access point d-link ac1300, dual band 2.4 ghz / 5ghz, 1300 mbps, 802.11 1a/b/g/n/ac, ",>20,102.63, ,"","W","d-link"		
red wifi ap empresa,"nwhper2h28a","access point hpe aruba ap-505 (rw) dual radio 2x2802.11ax con antenas internas.[@@@]l",15,330.15, ,"","Y","hp enterprise - networking"		
red wifi ap empresa,"nwhper7j49a","aruba ap-615 (rw) campus ap", ,422.44, ,"","Y","hp enterprise - networking"		
red wifi ap empresa,"nwhpq9h62a","access point aruba ap-515, dual band 2.4 ghz / 5 ghz, 575 mbps, 4x4 mimo, 4.2/7.5 dbi",20,502.22, ,"","W","hp enterprise - networking"		
red wifi ap empresa,"nwhpr7j27a","aruba ap-635 rw",5,735.00, ,"","B","hp enterprise - networking"		
_______________,"_______________","__________________________________","__________"		
 ,"CODIGO","RED WIFI AP SMALL B","STOCK","PREC DISTRIB US $","PREC S/.","FLETE ","GARAN","MARCA"		
red wifi ap small b,"apdldapx3060","access point d-link dap-x3060 wi-fi 6 poe doble banda ax3000, 1 x lan 2.5gbe[@@@]el p",19,137.38, ,"","Y","d-link"		
red wifi ap small b,"aphuap160","wall plate ap (access point de pared) huawei ekitengine ap160[@@@]ap de pared 86x86 |",>20,61.01, ,"","Y","huawei"		
red wifi ap small b,"aphuap266","wall plate ap (access point de pared) huawei ekitengine ap266[@@@]ap de pared | wi-fi",>20,99.32, ,"","Y","huawei"		
red wifi ap small b,"aphuap361","access point huawei ekitengine ap361, 2.4g: 802.11b/g/n/ax , 5g: 802.11a/n/ac/ac wave",>20,69.53, ,"","Y","huawei"		
red wifi ap small b,"aphuap772","outdoor ap (punto de acceso exterior) huawei ekitengine ap772[@@@]punto de acceso ext",11,539.00, ,"","Y","huawei"		
red wifi ap small b,"nwhper2x11a","access point aruba ap17, dual band 2.4 ghz / 5 ghz, 2x2 mimo, 4.7/4.2 dbi.[@@@]1 puer",8,118.27, ,"","Y","hp enterprise - networking"		
red wifi ap small b,"nwhpes3j35a-1","ap-635 tri radio 2x2 apin0635",2,5148.74, ,"","Y","hp enterprise - networking"		
_______________,"_______________","__________________________________","__________"		
 ,"CODIGO","RED WIFI CONTROLADORES AP","STOCK","PREC DISTRIB US $","PREC S/.","FLETE ","GARAN","MARCA"		
red wifi controladores ap,"nwhper4h17a","aruba ap-575 outdoor apex0575",1,2135.43, ,"","Y","hp enterprise - networking"		
_______________,"_______________","__________________________________","__________"		
 ,"CODIGO","RED WIFI ROUTER-ADSL","STOCK","PREC DISTRIB US $","PREC S/.","FLETE ","GARAN","MARCA"		
red wifi router-adsl,"nwdle15","e15 ax1500 wi-fi 6 ai range ex",12,27.24, ,"","Y","d-link"		
red wifi router-adsl,"nwdlm15","router d-link ax1500 mesh, 1 x puerto gigabit ethernet lan/1 x puerto gigabit etherne",>20,62.48, ,"","Y","d-link"		
red wifi router-adsl,"nwdlm15-1","router d-link ax1500 mesh, 1 x puerto gigabit ethernet lan/1 x puerto gigabit etherne",>20,35.23, ,"","Y","d-link"		
red wifi router-adsl,"nwdlm15-3","router d-link ax1500 mesh, 1 x puerto gigabit ethernet lan/1 x puerto gigabit etherne",>20,93.44, ,"","Y","d-link"		
red wifi router-adsl,"nwdlm30","router d-link m30 smart mesh wi-fi 6 ax3000 de doble banda[@@@]el d-link m30 smart me",8,47.04, ,"","Y","d-link"		
red wifi router-adsl,"nwdlrtm32","router d-link ax3200 mesh m32 / 2 gigabit ethernet lan / 2 gigabit ethernet wan, 2.4/",17,43.98, ,"","Y","d-link"		
red wifi router-adsl,"nwdlrtm322","router d-link mesh eagle pro ai ax3200 / m32-2 / 2.4/5ghz / pack 2 unids.[@@@]conecta",>20,84.98, ,"","Y","d-link"		
red wifi router-adsl,"nwdlrtr15","router d-link r15 ax1500 wi-fi 6 ai / 2.4/5ghz / 4 antenas externas[@@@]el router d-l",17,32.60, ,"","Y","d-link"		
red wifi router-adsl,"nwdlrtr32","router d-link eagle pro ai ax3200 smart / 2,4/5ghz / 4 antenas ext. doble banda[@@@]p",15,40.19, ,"","Y","d-link"		
red wifi router-adsl,"rtdldir-2150","router d-link dir-2150 wi-fi gigabit ac2100[@@@]el dir-2150 ofrece un rendimiento de ",>20,31.18, ,"","Y","d-link"		
red wifi router-adsl,"rtdlkdwr-932w","4glte mobile wifi hotspot 150m",>20,39.91, ,"","Y","d-link"		
red wifi router-adsl,"rtdlkg403c","router d-link g403c 4g lte con wi-fi 4 a 300 mbps[@@@]el g403c es una solución ideal ",>20,47.63, ,"","Y","d-link"		
_______________,"_______________","__________________________________","__________"		
 ,"CODIGO","RED WIFI TARJETAS PCI","STOCK","PREC DISTRIB US $","PREC S/.","FLETE ","GARAN","MARCA"		
red wifi tarjetas pci,"nwdldwa548","tarjeta wireless d-link dwa-548, 802.11g/n, 300 mbps, pci-e, 2dbi.[@@@]2 antenas desm",>20,10.77, ,"","Y","d-link"		
red wifi tarjetas pci,"nwwrlsfsn300","tarjeta wireless n 2.4ghz pcie",1,100.00, ,"","X","zz otras marcas"		
_______________,"_______________","__________________________________","__________"		
 ,"CODIGO","RED, ACCESORIOS","STOCK","PREC DISTRIB US $","PREC S/.","FLETE ","GARAN","MARCA"		
red, accesorios,"accdldub1312","adaptador de red con un puerto usb 3.0 y puerto rj-45 10/100/1000 mbps gigabit ethern",>20,10.25, ,"","W","d-link"		
red, accesorios,"accdldube130","adaptador d-link usb-c gigabit ethernet lan / dub-e130[@@@]conecta tu pc o laptop a r",3,11.18, ,"","Y","d-link"		
red, accesorios,"acchpejl251a","hpe x140 40g qsfp+",4,869.76, ,"","W","hp enterprise - networking"		
red, accesorios,"acchper0g64a","hpe ap-310-mnt-w3 ap mount kit",1,35.30, ,"","W","hp enterprise - networking"		
red, accesorios,"acchu02311vgn","cable de apilamiento (stack cable) huawei ekitengine sfp+stack-cu1m5[@@@]cable de api",4,47.18, ,"","Y","huawei"		
red, accesorios,"acchuac650128ap","wireless access controller (controlador de red inalámbrica) huawei ekitengine ac650-1",2,347.73, ,"","Y","huawei"		
red, accesorios,"accwhpejl087a-1","aruba x372 54vdc 1050w ps",6,880.02, ,"","Y","hp enterprise - networking"		
red, accesorios,"nw82212013l00","renovación de licencia de soporte ruckus partner watchdog, para zd 1200, 1 ap, 3 años", ,56.00, ,"","Z","ruckus"		
red, accesorios,"nwdldgs3124lic","licencia de actualización d-link dgs-3120-24tc, imagen estandar (si) a mejorada (ei).",1,101.00, ,"","W","d-link"		
red, accesorios,"nwdxspwr300ac","fuente de alimentación modular d-link dxs-pwr300ac, 300w, 85v ~ 264vac.[@@@]compatibl",1,494.44, ,"","W","d-link"		
red, accesorios,"nwhpejl083a","hpe 3810m aruba (jl083a), 4 sfp+, velocidad de transferencia 10 gbps.[@@@]",3,941.62, ,"","W","hp enterprise - networking"		
red, accesorios,"nwhpejl087a","fuente de alimentación hpe aruba x372, 1050w, voltaje de entrada 110v - 240vac.[@@@]",10,490.00, ,"","W","hp enterprise - networking"		
red, accesorios,"nwhpejl448a","cable consola hpe aruba x2c2 (jl448a), rj-45 a db-9.[@@@]", ,16.70, ,"","W","hp enterprise - networking"		
red, accesorios,"nwhpejy926aae","aruba central dm 1 token 3y",1,118.00, ,"","Z","hp enterprise - networking"		
red, accesorios,"nwhpjd096c","hp x240 10g sfp + a sfp + 1,2 m cable de cobre de conexión directa (jd096c). <br>",17,93.00, ,"","Y","hp enterprise - networking"		
red, accesorios,"nwhpjd118b","módulo de transceptor sfp hp x120, puerto lc, velocidad de transferencia 1gbps.",3,358.05, ,"","W","hp enterprise - networking"		
red, accesorios,"nwhpjl669b","x751 front to back fan tray",2,433.36, ,"","D","hp enterprise - networking"		
red, accesorios,"nwrkplanner11ac","software ruckus zoneplanner, ideal para diseñar la implementación de access point wir", ,228.00, ,"","W","ruckus"		
_______________,"_______________","__________________________________","__________"		
 ,"CODIGO","RED, CAMARAS IP","STOCK","PREC DISTRIB US $","PREC S/.","FLETE ","GARAN","MARCA"		
red, camaras ip,"nwshdcs-6501lh","camara de seguridad inteligente d-link dcs-6501lh, resolucion 2k/wi-fi/bluetooth le 5",>20,18.59, ,"","Y","d-link"		
_______________,"_______________","__________________________________","__________"		
 ,"CODIGO","RED, ROUTERS","STOCK","PREC DISTRIB US $","PREC S/.","FLETE ","GARAN","MARCA"		
red, routers,"rthus380-s8p2t","gateway multi-service (puerta de enlace multiservicio) huawei ekitengine s380-s8p2t[@",5,228.45, ,"","Y","huawei"		
red, routers,"rthus380-s8t2t","gateway multi-service (puerta de enlace multiservicio) huawei ekitengine s380-s8t2t[@",1,140.47, ,"","Y","huawei"		
_______________,"_______________","__________________________________","__________"		
 ,"CODIGO","RED, SEGURIDAD","STOCK","PREC DISTRIB US $","PREC S/.","FLETE ","GARAN","MARCA"		
red, seguridad,"nw80231003l00","licencia de soporte ruckus partner watrchdog, actualización para zd 3000, 3 años.[@@@", ,3370.00, ,"","Y","ruckus"		
red, seguridad,"nw806runl1u00","soporte de usuario para unleashed puntos de acceso, 1 año.[@@@]", ,138.00, ,"","X","ruckus"		
red, seguridad,"nwrk822110630","renovación de soporte premiun ruckus watchdog partner, para zonedirector 1106, 3 años", ,418.00, ,"","Y","ruckus"		
red, seguridad,"nwrk9090100zd00","actualización de licencia ruckus zonedirector 3000, 100 access point zoneflex adicion", ,4398.00, ,"","Y","ruckus"		
red, seguridad,"nwrkr0001-sg00","licencia de administración ruckus, para ap sz-100/ vsz 3.x, solo 1 access point.[@@@]", ,197.00, ,"","X","ruckus"		
red, seguridad,"nwrkrs02-0001-3","soporte técnico ruckus watchdog, usuario final, virtual smartcell gateway, 3 años.[@@", ,40.00, ,"","X","ruckus"		
red, seguridad,"nwrkrs104-3000","asistencia premium de ruckus wireless partner watchdog, 3 años, para smartzone 100.[@", ,1798.00, ,"","X","ruckus"		
red, seguridad,"nws2200015lsg","soporte técnico ruckus watchdog, renovación de soporte , 5 años[@@@]", ,45.00, ,"","Z","ruckus"		
red, seguridad,"nws22s1045000","soporte técnico ruckus watchdog, usuario final, reemplazo anticipado de piezas , 1 añ", ,2228.00, ,"","Z","ruckus"		
red, seguridad,"sechpes0g33a","gateway 4-port gigabit sg1004&",>20,308.15, ,"","Y","hp enterprise - networking"		
red, seguridad,"sechpes0g34a","secure gateway 5-port smartrat",>20,447.11, ,"","Y","hp enterprise - networking"		
red, seguridad,"sechpes0g34a-b","secure gateway 5-port smartrat",1,428.30, ,"","Y","hp enterprise - networking"		
_______________,"_______________","__________________________________","__________"		
 ,"CODIGO","RED, SWITCH ACCESO","STOCK","PREC DISTRIB US $","PREC S/.","FLETE ","GARAN","MARCA"		
red, switch acceso,"nwdgs121026","switch d-link dgs-1210 series, capa l2/l3, 24 rj-45 gbe, 2 puertos sfp 1gbe.[@@@]capa",3,105.96, ,"","W","d-link"		
red, switch acceso,"nwdgs121028mp","switch d-link dgs-1210-28mp, capa l2, 24 rj-45 gbe, poe, 4 puertos gbe/sfp.[@@@]capac",1,360.34, ,"","W","d-link"		
red, switch acceso,"nwdldgs110008p","switch d-link dgs-1100-08p, capa 2, 8 puertos rj-45 lan gbe, poe, auto mdi/mdix.[@@@]",19,67.67, ,"","W","d-link"		
red, switch acceso,"nwdldgs110008v2","8-ports gigabit easy smart",>20,32.99, ,"","W","d-link"		
red, switch acceso,"nwdldgs121028","switch d-link dgs-1210-28 smart web switch, 24 puertos 10/100/1000, 4 puertos gigabit",1,118.12, ,"","Y","d-link"		
red, switch acceso,"nwdldgs121028p","switch d-link dgs-1210-28p, capa 2, poe, 24 rj-45lan gbe, 4 puertos sfp, auto mdi/mdi",9,306.39, ,"","W","d-link"		
red, switch acceso,"nwdldgs125052mp","52-port 10-gigabit smart manag",10,528.85, ,"","W","d-link"		
red, switch acceso,"swhper8n87b","hpe aruba networking cx 6000 2",2,1194.11, ,"","Y","hp enterprise - networking"		
_______________,"_______________","__________________________________","__________"		
 ,"CODIGO","RED, SWITCH ACCESO ENTERP","STOCK","PREC DISTRIB US $","PREC S/.","FLETE ","GARAN","MARCA"		
red, switch acceso enterp,"ndldgs125028xmp","24 puertos poe 1000base-t",5,419.22, ,"","W","d-link"		
red, switch acceso enterp,"nwdgs313030ts","switch d-link dgs-3130-30ts, administrable, apilable de capa 3.[@@@]puertos: 24 x 10/",1,720.00, ,"","Y","d-link"		
red, switch acceso enterp,"nwdgs313054ps","switch d-link dgs-3130-54ps, administrable, apilable de capa 3.[@@@]puertos: 48 x 10/",1,1780.00, ,"","W","d-link"		
red, switch acceso enterp,"nwdl3124tcselic","licencia de mejora d-link dgs-3120-24tc-se-lic, 3meses, administración y seguridad.[@",1,48.49, ,"","W","d-link"		
red, switch acceso enterp,"nwhpejl675a","aruba 6100 48g cl4 4sfp+ swch",1,2199.33, ,"","W","hp enterprise - networking"		
red, switch acceso enterp,"nwhpejl676a","aruba 6100 48g 4sfp+ swch",3,1425.20, ,"","W","hp enterprise - networking"		
red, switch acceso enterp,"swhpejl679a","la aruba 6100 12g cl4 2sfp+ 13",11,727.09, ,"","Y","hp enterprise - networking"		
red, switch acceso enterp,"swhper8n89a","aruba 6000 12g class4 poe 2g/2",5,525.87, ,"","Y","hp enterprise - networking"		
_______________,"_______________","__________________________________","__________"		
 ,"CODIGO","RED, SWITCH BASICO","STOCK","PREC DISTRIB US $","PREC S/.","FLETE ","GARAN","MARCA"		
red, switch basico,"accrfew700","switch bidireccional de red renkforce rf-ew-700 de 2 puertos 2.5g & 5g, alimentacion ",>20,17.00, ,"","D","renkforce"		
red, switch basico,"accrfges400","switch gigabit ethernet renkforce rf-ges-400 con 4 puertos rj45 y alimentación por us",>20,19.00, ,"","D","renkforce"		
red, switch basico,"accrfus500","switch de red rj45 renkforce rf-us-500, de 5 puertos y 1 gbit/s[@@@]cumple con los es",>20,23.50, ,"","D","renkforce"		
red, switch basico,"nwdldes1005a","switch d-link des-1005a, 5 puertos rj-45 10/100 mbps, estándares ieee 802.3/u/x. pres",17,5.45, ,"consultar","W","d-link"		
red, switch basico,"nwdldes1024d","d-link 24-port 10/100 mbps rj-45 rackmountable switch - autovoltaje",>20,32.27, ,"consultar","W","d-link"		
red, switch basico,"nwdldgs1008a","switch d-link dgs-1008a, 8 rj-45 10/100/1000 mbps, mdi/mdix, csma/cd.[@@@]presentació", ,16.35, ,"consultar","W","d-link"		
red, switch basico,"nwdldgs1008mp","switch d-link dgs-1008mp, 8 rj-45 10/100/1000 mbps, poe.[@@@]",12,74.38, ,"","W","d-link"		
red, switch basico,"nwdldgs105","switch d-link dgs-105",>20,14.07, ,"","Y","d-link"		
red, switch basico,"nwdldgs108","switch d-link dgs-108",>20,18.00, ,"","Y","d-link"		
red, switch basico,"swdlkdgs-1005d","switch d-link dgs-1005d, 5 puertos 10/100/1000mbps (no gestionable)[@@@]el d-link dgs",>20,9.95, ,"","Y","d-link"		
red, switch basico,"swhper8n85b","hpe aruba networking cx 6000 4",5,1983.46, ,"","Y","hp enterprise - networking"		
red, switch basico,"swhus310s24p4jx","switch huawei ekitengine (s310s series) s310s-24p4jx[@@@]24 x 10/100/1000base-t poe+ ",12,351.89, ,"","Y","huawei"		
red, switch basico,"swhus310s24t4jx","switch huawei ekitengine (s310s series) s310s-24t4jx[@@@]24 x 10/100/1000base-t ports",>20,188.72, ,"","Y","huawei"		
_______________,"_______________","__________________________________","__________"		
 ,"CODIGO","RED, SWITCH CORE","STOCK","PREC DISTRIB US $","PREC S/.","FLETE ","GARAN","MARCA"		
red, switch core,"nwadvdvr1","dvr advance adv-dvr1 5 en 1 de 4 canales analÓgicos/hdcvi/hdtvi/ahd + 1 canal ip[@@@]",>20,85.50, ,"","Y","advance computer corp"		
red, switch core,"nwhpeajl726b","hpe aruba networking cx 6200f",1,3932.97, ,"","Y","hp enterprise - networking"		
red, switch core,"nwhpejl726b","hpe aruba networking cx 6200f",4,3932.97, ,"","Y","hp enterprise - networking"		
red, switch core,"swhpejl829a","hpe networking comware sw",2,5604.64, ,"","Y","hp enterprise - networking"		
_______________,"_______________","__________________________________","__________"		
 ,"CODIGO","RED, SWITCH CORE ENTERPR","STOCK","PREC DISTRIB US $","PREC S/.","FLETE ","GARAN","MARCA"		
red, switch core enterpr,"nwhpejl728b","switch hpe aruba networking cx 6200f 48g class-4 poe 4sfp+, capacidad poe: 740w[@@@]c",3,6960.00, ,"","W","hp enterprise - networking"		
_______________,"_______________","__________________________________","__________"		
 ,"CODIGO","RED, SWITCH DISTRI ENTERP","STOCK","PREC DISTRIB US $","PREC S/.","FLETE ","GARAN","MARCA"		
red, switch distri enterp,"nwhpej9995a","aruba 8p 1/2.5/5/xgt poe+",1,2090.00, ,"","W","hp enterprise - networking"		
_______________,"_______________","__________________________________","__________"		
 ,"CODIGO","RED, SWITCH DISTRIBUCION","STOCK","PREC DISTRIB US $","PREC S/.","FLETE ","GARAN","MARCA"		
red, switch distribucion,"nwdgs313030ps","switch dgs-3130-30ps",5,1118.40, ,"","Y","d-link"		
red, switch distribucion,"nwdlkdms125010s","smart switch - 8x puertos 2.5g",2,312.30, ,"","Y","d-link"		
red, switch distribucion,"nwhpejl253a","switch hpe aruba 2930f, 24 rj-45 gbe, 4 sfp+ 1/10gbe.[@@@]capacidad switching 128 gbp",1,1418.92, ,"","W","hp enterprise - networking"		
red, switch distribucion,"nwhpejl253a-b","aruba 2930f 24g 4sfp+ swch",1,1372.65, ,"","W","hp enterprise - networking"		
red, switch distribucion,"nwhpejl260a","switch hpe aruba 2930f, 48 rj-45 gbe, 4 sfp.[@@@]capacidad switching 104 gbps, rendim",3,1730.09, ,"","W","hp enterprise - networking"		
red, switch distribucion,"nwhpr9w86a","hpe aruba networking cx 8100",1,17638.90, ,"","D","hp enterprise - networking"		
red, switch distribucion,"swdlkdms125010s","smart sw 8x puertos 2.5g con 2",1,280.00, ,"","Y","d-link"		
red, switch distribucion,"swhus310s-8p4jx","switch huawei ekitengine (s310s series) s310s-8p4jx[@@@]8 puertos poe+ 10/100/1000bas",>20,208.58, ,"","Y","huawei"		
red, switch distribucion,"swhus310s-8t2x","switch huawei ekitengine (s310s series) s310s-8t2x[@@@]8 puertos 10/100/1000base-t, 2",9,116.35, ,"","Y","huawei"		
_______________,"_______________","__________________________________","__________"		
 ,"CODIGO","RED, TRANSCEIVERS","STOCK","PREC DISTRIB US $","PREC S/.","FLETE ","GARAN","MARCA"		
red, transceivers,"acchusfp10gsrek","transceptor (transceiver) optico huawei ekitengine sfp-10g-sr-ekit[@@@]transceptor óp",>20,95.84, ,"","Y","huawei"		
red, transceivers,"acchusfpgesxeki","transceptor (transceiver) optico huawei ekitengine sfp-ge-sx-ekit[@@@]transceptor ópt",15,22.73, ,"","Y","huawei"		
red, transceivers,"acchusfpgetekit","transceptor (transceiver) electrico huawei ekitengine sfp-ge-t-ekit[@@@]transceptor e",20,73.10, ,"","Y","huawei"		
red, transceivers,"nwdem432xt","transceiver d-link dem-432xt 10gbase-lr sfp+ (10 km)[@@@]la serie de módulos sfp+ 10g",3,128.67, ,"","W","d-link"		
red, transceivers,"nwdldem431xt","transceiver d-link dem-431xt, sfp+, multi modo, ieee 802.3ae, 10gbase-sr.[@@@]",2,90.30, ,"","W","d-link"		
red, transceivers,"nwhpjd092b","hp x130 10g sfp+ lc sr transceiverext, interfaz de puerto 1 x 10gbase/sr, estandar et",3,554.60, ,"","W","hp enterprise - networking"		
_______________,"_______________","__________________________________","__________"		
 ,"CODIGO","REP TB - LCD","STOCK","PREC DISTRIB US $","PREC S/.","FLETE ","GARAN","MARCA"		
rep tb - lcd,"repadlcdsp4703","rep lcd sp4703",1,19.00, ,"","Y","advance computer corp"		
_______________,"_______________","__________________________________","__________"		
 ,"CODIGO","REP TB - OTROS HW","STOCK","PREC DISTRIB US $","PREC S/.","FLETE ","GARAN","MARCA"		
rep tb - otros hw,"accadapter2am","adaptador de energía advance ac5020, 110- 220v, 2.0a, 5vdc, 0.4a.[@@@]",>20,1.10, ,"","Z","advance computer corp"		
rep tb - otros hw,"repdngwmpmp228s","rep wireless microphone",1,45.00, ,"","Y","advance computer corp"		
_______________,"_______________","__________________________________","__________"		
 ,"CODIGO","REP TB - PCBA","STOCK","PREC DISTRIB US $","PREC S/.","FLETE ","GARAN","MARCA"		
rep tb - pcba,"repadpcbsp4703","rep pcba sp4703",1,15.00, ,"","Y","advance computer corp"		
_______________,"_______________","__________________________________","__________"		
 ,"CODIGO","REPUESTOS VARIOS","STOCK","PREC DISTRIB US $","PREC S/.","FLETE ","GARAN","MARCA"		
repuestos varios,"rep00002105","fuente de alimentación md3-d02, 300w, atx, 100v ~240vac.[@@@]1 conector atx 24/20 pin", ,110.00, ,"","Y","advance computer corp"		
repuestos varios,"repadvbpkblack","rep spare parts of backpack", ,30.00, ,"","Y","advance computer corp"		
repuestos varios,"replenfancooler","carbon fan + heatsink para lenovo thinkpad x1 yoga / 4ta gen (20qf, 20qg)[@@@]p/n: 5h", ,85.00, ,"","X","lenovo - thinkpad"		
repuestos varios,"reppwschrnbtos1","pws charger nb tos tecra m1", ,110.00, ,"","X","zz otras marcas"		
_______________,"_______________","__________________________________","__________"		
 ,"CODIGO","SERV, CDROM / DVD DRIVES","STOCK","PREC DISTRIB US $","PREC S/.","FLETE ","GARAN","MARCA"		
serv, cdrom / dvd drives,"acchp726537b21","unidad optica hpe jackblack gen9, dvd +/- rw, sata, 9.5 mm.[@@@]", ,48.00, ,"","W","hp enterprise - servidores"		
_______________,"_______________","__________________________________","__________"		
 ,"CODIGO","SERV, DISCOS DUROS PROPT","STOCK","PREC DISTRIB US $","PREC S/.","FLETE ","GARAN","MARCA"		
serv, discos duros propt,"hdd7xb7a00027","disco duro lenovo thinksystem 1.2tb, 2.5, sas 12gb/s, 10000 rpm, hot-swap, 512n[@@@]",7,385.00, ,"","W","lenovo - systemx"		
serv, discos duros propt,"hddhp861683b21","disco duro hpe 861683-b21, 4tb, sata 6.0 gb/s, 7200 rpm, 7.45 ms, 3.5.[@@@]",8,815.99, ,"","W","hp enterprise - servidores"		
serv, discos duros propt,"hddhpep28586b-b","hpe 1.2tb sas 12g 10k sff 2.5\",4,419.86, ,"","W","hp enterprise - servidores"		
serv, discos duros propt,"hddhpep28586b21","hpe 1.2tb sas 12g 10k sff 2.5",16,491.66, ,"","Y","hp enterprise - servidores"		
serv, discos duros propt,"hddhpj9f42a","disco duro hpe j9f42a, 600gb, sas 6.0, 7200 rpm, sff, sc,2.5.[@@@]", ,748.15, ,"","W","hp enterprise - servidores"		
serv, discos duros propt,"hddle4xb7a77446","thinksystem st50 v2 3.5 2tb 7.2k sata 6gb nhs 512n hdd[@@@]compatible con st50",1,526.88, ,"","Y","lenovo - systemx"		
serv, discos duros propt,"hddle7xb7a00045","disco duro lenovo, 8tb, sas 12.0 gb/s, 7200 rpm, 3.5.[@@@] ",1,505.00, ,"","W","lenovo - systemx"		
serv, discos duros propt,"ssdhpep40502b21","hpe 480gb sata 6g mixed use sf",>20,4297.83, ,"","W","hp enterprise - servidores"		
serv, discos duros propt,"ssdhpep40503b21","hpe 960gb sata mu sff bc mv ss",16,7116.85, ,"","Y","hp enterprise - servidores"		
serv, discos duros propt,"ssdhpep40504b21","unidad de estado sólido (ssd) para servidores hpe1.92tb, 2.5 sff (small form factor)",14,11998.00, ,"","Y","hp enterprise - servidores"		
serv, discos duros propt,"ssdhpp40502b21","hpe 480gb sata 6g mixed use sf",1,2311.17, ,"","Y","hp enterprise - servidores"		
serv, discos duros propt,"ssdle4xb7a82261","lenovo thinksystem 2.5 5400 pro 1.92tb read intensive sata 6gbps hot-swap ssd[@@@]",20,2400.00, ,"","Y","lenovo - systemx"		
serv, discos duros propt,"zzzzibmhd39m451","disco d ibm 500gb s-ata ss",1,50.00, ,"","W","ibm"		
_______________,"_______________","__________________________________","__________"		
 ,"CODIGO","SERV, MEMORIA PROPIETARIO","STOCK","PREC DISTRIB US $","PREC S/.","FLETE ","GARAN","MARCA"		
serv, memoria propietario,"acchper2j62a","hpe sn1610e 32gb 1p fc hba",7,1530.48, ,"","Y","hp enterprise - servidores"		
serv, memoria propietario,"melen4x77a93556","memoria lenovo thinksystem 16gb truddr5 5600mhz (1rx8) ecc udimm-a[@@@]compatible con",2,700.00, ,"","Y","lenovo - systemx"		
serv, memoria propietario,"memhp815098b21","memoria hpe 815098-b21, 16gb, ddr4, 2666 mhz, pc4-21300, rdimm, 1.2v[@@@]", ,500.00, ,"","W","hp enterprise - servidores"		
serv, memoria propietario,"memhpep06033b21","memoria hpe  32gb 2933mhz",3,800.91, ,"","W","hp enterprise - servidores"		
serv, memoria propietario,"memhpep43328b21","hpe 32gb (1x32gb) dual rank x8",14,7086.74, ,"","W","hp enterprise - servidores"		
serv, memoria propietario,"memle4x77a9096","memoria lenovo thinksystem 32gb rdimm truddr5-6400mhz, ecc, reg, 1.1v, 2rx8, 288-pin[",5,3516.48, ,"","Y","lenovo - systemx"		
serv, memoria propietario,"memle4x77a99752","memoria lenovo thinksystem 32gb dimm truddr5-5600mhz, ecc, 1.1v, 2rx8, 288-pin[@@@]co",10,2484.30, ,"","Y","lenovo - systemx"		
serv, memoria propietario,"svhpep64706-b21","memoria smart registered hpe 32gb (1x32gb) ddr5&#8209	5600 dual rank x8 cas&#8209	46&",3,7086.74, ,"","Y","hp enterprise - servidores"
_______________,"_______________","__________________________________","__________"		
 ,"CODIGO","SERV, SSDs PROPIETARIO","STOCK","PREC DISTRIB US $","PREC S/.","FLETE ","GARAN","MARCA"		
serv, ssds propietario,"sddle4xb7a90875","thinksystem 2.5\''va 1.92tb re",1,3365.59, ,"","Y","lenovo - systemx"		
serv, ssds propietario,"ssdhpep47808b21","unidad de disco solido hpe 960gb sata 6g read intensive lff lpc multi vendor ssd[@@@]",4,7615.05, ,"","W","hp enterprise - servidores"		
serv, ssds propietario,"ssdle4xb7a90874","unidad de disco solido lenovo thinksystem 2.5 va960gb read intensive sata 6gb hs ssd",1,2582.42, ,"","Y","lenovo - systemx"		
_______________,"_______________","__________________________________","__________"		
 ,"CODIGO","SERVICIO TECNICO","STOCK","PREC DISTRIB US $","PREC S/.","FLETE ","GARAN","MARCA"		
servicio tecnico,"zzxsertec2","servicio de diagnostico",>20,1.00, ,"","","servicios e intangibles"		
_______________,"_______________","__________________________________","__________"		
 ,"CODIGO","SERVICIOS OTROS","STOCK","PREC DISTRIB US $","PREC S/.","FLETE ","GARAN","MARCA"		
servicios otros,"zzpresacc","gar de buen funcionamiento",>20,9999999.99, ,"","Z","zz otras marcas"		
servicios otros,"zzxcomision","comision por ventas",>20,72.94, ,"consultar","Z","servicios e intangibles"		
servicios otros,"zzxcont01","alquiler",>20,663.13, ,"","","servicios e intangibles"		
servicios otros,"zzxcr0004","gastos financieros",>20,352.00, ,"","","servicios e intangibles"		
servicios otros,"zzxcr0007","gastos judiciales",>20,0.01, ,"","","servicios e intangibles"		
servicios otros,"zzzzrenovacion1","renovacion_soporte_equipos sh", ,11000.00, ,"","X","zz otras marcas"		
servicios otros,"zzzzrenovacion2","renovacion_soporte_equipos sh", ,11000.00, ,"","X","zz otras marcas"		
servicios otros,"zzzzsoportevirt","soporte virtual sh 255-h +", ,11000.00, ,"","X","zz otras marcas"		
_______________,"_______________","__________________________________","__________"		
 ,"CODIGO","SERVICIOS VENTAS","STOCK","PREC DISTRIB US $","PREC S/.","FLETE ","GARAN","MARCA"		
servicios ventas,"serdatdd10001sa","serv. anual - datto nas dn1000",1,1025.00, ,"","W","datto"		
servicios ventas,"serdattdd10000","servi mensual datto drive 10tb",1,309.00, ,"","W","datto cloud"		
servicios ventas,"serdattdd10001a","servicio anual datto drive 1tb",1,288.00, ,"","W","datto cloud"		
servicios ventas,"serdattdd5000","servic mensual datto drive 5tb",1,153.00, ,"","W","datto cloud"		
servicios ventas,"serdattdd5001sa","serv. anual - datto nas dn500",1,676.00, ,"","W","datto"		
servicios ventas,"zzxgtobanc","rembolso de gastos finacieros",>20,97.00, ,"","Z","servicios e intangibles"		
servicios ventas,"zzxvta005","alquiler de equipos de computo",>20,1380.00, ,"","","servicios e intangibles"		
servicios ventas,"zzxvta008","anticipo por venta mercaderia",>20,10.00, ,"","","servicios e intangibles"		
_______________,"_______________","__________________________________","__________"		
 ,"CODIGO","SERVIDORES","STOCK","PREC DISTRIB US $","PREC S/.","FLETE ","GARAN","MARCA"		
servidores,"svhpep75343-dm5","dl360 g11 8sff 4410y(12c/2.0gh",2,12583.40, ,"","Y","hp enterprise - servidores"		
servidores,"svhpep81430-dm5","hpe dl360 g11 4514y 2x32g",1,10782.50, ,"","Y","hp enterprise - servidores"		
servidores,"svhpep81830-dm5","hpe dl325 g11amd epyc 9115 16c",1,10122.00, ,"","Y","hp enterprise - servidores"		
servidores,"svhpep81835-dm5","hpedl385 g11 amd epyc 9115 16c",3,11265.00, ,"","Y","hp enterprise - servidores"		
servidores,"svhpep86708-dm5","hpe proliant microserver g11 i",5,3437.00, ,"","Y","hp enterprise - servidores"		
servidores,"svhpep89073-dm5","hpe proliant ml350 g12 intel x",5,7020.00, ,"","Y","hp enterprise - servidores"		
servidores,"svhpep89085-dm5","srv ml360 g12 intel xeon 12c",3,9882.67, ,"","Y","hp enterprise - servidores"		
servidores,"svlen7dcla04tla","servidor lenovo thinksystem sr250 v3 / 1 x intel xeon 6353p 2.7/4.2ghz/8c/16t/65w/rac",19,4383.56, ,"","Y","lenovo - systemx"		
servidores,"svlen7dcla061la","servidor lenovo thinksystem sr250 v3 /1 x xeon 6353p hasta 5.4ghz/8c/24mb cache/tdp: ",18,3866.67, ,"","Y","lenovo - systemx"		
servidores,"svlen7dgd1003la","servidor lenovo thinksystem sr650 v4 / 1 x intel xeon 6505p 2.2ghz/12c/150w/rack 2u[@", ,6295.28, ,"","Y","lenovo - systemx"		
servidores,"svlen7dgda03ula","servidor lenovo thinksystem sr650 v4 / 1 x xeon 6505p hasta 4.1ghz/12c/48mb cache/tdp",5,7527.47, ,"","Y","lenovo - systemx"		
servidores,"svlen7dgda03vla","servidor lenovo thinksystem sr650 v4 / 1 x intel xeon 6515p 2.3/3.8ghz/16c/150w/rack ",3,7714.29, ,"","Y","lenovo - systemx"		
servidores,"svlen7dh5a038la","servidor lenovo thinksystem st45 v3 / amd epyc 4124p 3.8/5.1ghz/4c/8t/tdp: 65w/tower[",15,2395.60, ,"","Y","lenovo - systemx"		
_______________,"_______________","__________________________________","__________"		
 ,"CODIGO","SERVIDORES, ACCESORIOS","STOCK","PREC DISTRIB US $","PREC S/.","FLETE ","GARAN","MARCA"		
servidores, accesorios,"acchp766203b21","cable óptico para hpe proliant dl360 generación 9/10, lff.[@@@]", ,15.00, ,"","W","hp enterprise - servidores"		
servidores, accesorios,"acchpep48918b21","kit de cables de habilitación del controlador de almacenamiento hpe proliant dl360 ge",1,28.60, ,"","W","hp enterprise - servidores"		
servidores, accesorios,"acchpep58335b21","controlador de almacenamiento raid hpe mr408i&#8209	o gen11 x8 lanes 4gb cache ocp sp",1,1276.99, ,"","Y","hp enterprise - servidores"	
servidores, accesorios,"accle4xh7a83846","tarjeta riser lenovo thinksystem v3 1u x16/x16 pcie gen4 riser1 lp+fh option kit[@@@]",1,115.27, ,"","Y","lenovo - systemx"		
servidores, accesorios,"acclen39y7937","cable poder lenovo 39y7937, 1.5 mts, 100-250v, 10a, c13 a iec 320-c14.[@@@]",1,30.69, ,"","W","lenovo - systemx"		
servidores, accesorios,"acclen46c3447","módulo lenovo transceptor de fibra sfp+ sr, 10gbase-sr, multimodo.[@@@]",6,57.47, ,"","Y","lenovo - systemx"		
servidores, accesorios,"accq764632-b21","hp dl360 gen9 sff dvd/usb universal media bay kit[@@@]", ,72.00, ,"","W","hp enterprise - servidores"		
servidores, accesorios,"achpt9074bae","licencia electrónica de soporte hp insight control environment 24x7 (t9074bae).[@@@]",7,510.00, ,"","W","hp enterprise - servidores"		
servidores, accesorios,"aclen4x97a93517","thinksystem st50 v3 internal d",5,26.00, ,"","Y","lenovo - systemx"		
_______________,"_______________","__________________________________","__________"		
 ,"CODIGO","SERVIDORES, FUENTES","STOCK","PREC DISTRIB US $","PREC S/.","FLETE ","GARAN","MARCA"		
servidores, fuentes,"acchp865408b21","fuente de alimentación hpe 865408-b21, 500w, 100v- 240vac, 80 plus platinum, hot-plug",12,287.83, ,"","W","hp enterprise - servidores"		
servidores, fuentes,"acchp865414b21","fuente de alimentación hpe 865414-b21, 800w, 100v- 240vac, 80 plus platinium, hot-plu",2,351.17, ,"","W","hp enterprise - servidores"		
servidores, fuentes,"acchpep38995b21","hpe 800w fs plat ht plg lh pwr",19,304.62, ,"","Y","hp enterprise - servidores"		
servidores, fuentes,"svlen4p57a726-b","fuente de poder lenovo thinksystem 750w 230v/115v/80 plus platinum/hot-swap gen2[@@@]",2,180.61, ,"","Y","lenovo - systemx"		
_______________,"_______________","__________________________________","__________"		
 ,"CODIGO","SERVIDORES, SOFTWARE","STOCK","PREC DISTRIB US $","PREC S/.","FLETE ","GARAN","MARCA"		
servidores, software,"licle7s1s0007ww","licencia para microsoft windows server 2025 standard rok (16 core) - multilang (pe)[@",3,1241.38, ,"","Y","lenovo - systemx"		
servidores, software,"swhpc6n36aae","hp insight control - licence[@@@]",2,450.00, ,"","W","hp enterprise - servidores"		
servidores, software,"swhpep46172dn1","hpe ms ws22 estials rok 10core",5,327.22, ,"","Y","hp enterprise - servidores"		
servidores, software,"swhpeu4507e","hpe installation and startup",1,168.42, ,"","W","hp enterprise - servidores"		
servidores, software,"swhpp00487071","licencia hpe microsoft windows server 2016 standar, oem, rok, 16 núcleos.[@@@]",1,678.00, ,"","W","hp enterprise - servidores"		
_______________,"_______________","__________________________________","__________"		
 ,"CODIGO","SERVIDORES, TARJETAS","STOCK","PREC DISTRIB US $","PREC S/.","FLETE ","GARAN","MARCA"		
servidores, tarjetas,"accle4xc7a08238","tarjeta de red ethernet lenovo thinksystem broadcom 57414 10/25gbe sfp28 2-port pcie[",2,1100.00, ,"","Y","lenovo - systemx"		
_______________,"_______________","__________________________________","__________"		
 ,"CODIGO","SILLAS GAMER","STOCK","PREC DISTRIB US $","PREC S/.","FLETE ","GARAN","MARCA"		
sillas gamer,"accte8121nv2","silla gamer teros te-8121n, negro[@@@]la silla gamer teros te-8121n combina comodidad",2,116.00, ,"","D","teros"		
sillas gamer,"accte8126b","silla gamer teros te-8126b, azul y blanco[@@@]la silla gamer teros te-8126b ofrece un",8,106.00, ,"","D","teros"		
_______________,"_______________","__________________________________","__________"		
 ,"CODIGO","SMART HOME - CAMARAS","STOCK","PREC DISTRIB US $","PREC S/.","FLETE ","GARAN","MARCA"		
smart home - camaras,"nwshte90601w","cámara inteligente (interna fija) teros te-90601w, resolución 3 mp, wi-fi, color blan",4,12.90, ,"","D","teros"		
_______________,"_______________","__________________________________","__________"		
 ,"CODIGO","SMART HOME - DISPOSITIVOS","STOCK","PREC DISTRIB US $","PREC S/.","FLETE ","GARAN","MARCA"		
smart home - dispositivos,"acclt7188ty","juguete interactivo con ia bubú el búho chatgpt 4o, app tuya smart, 1200mah, felpa[@@",5,93.00, ,"","D","advance computer corp"		
_______________,"_______________","__________________________________","__________"		
 ,"CODIGO","SOFT, LICENCIAMIENTO CORP","STOCK","PREC DISTRIB US $","PREC S/.","FLETE ","GARAN","MARCA"		
soft, licenciamiento corp,"swesetendproadv","eset endpoint protection advanced[@@@]",>20,999.00, ,"","W","eset"		
soft, licenciamiento corp,"swesetendprot","eset endpoint protection standard[@@@]",>20,999.00, ,"","W","eset"		
soft, licenciamiento corp,"swnod32filesr-b","eset nod32 file server 12mes",15,500.00, ,"","W","eset"		
soft, licenciamiento corp,"swnods11030050","eset endpoint protection std",20,200.00, ,"","Y","eset"		
soft, licenciamiento corp,"sws11030050b","eset protect essential onprem",9,70.00, ,"","W","eset"		
_______________,"_______________","__________________________________","__________"		
 ,"CODIGO","SOFTWARE, ANTIVIRUS","STOCK","PREC DISTRIB US $","PREC S/.","FLETE ","GARAN","MARCA"		
software, antivirus,"swb11010058","bd ant plus 1+1pc 12m",>20,10.36, ,"","W","bit defender"		
software, antivirus,"swb11010059","software bitdefender antivirus plus, licencia para 3 pcs, por 12 meses[@@@]",9,17.00, ,"","W","bit defender"		
software, antivirus,"swb11010061","bitdefender antivirus plus - licencia de 1 año para un dispositivo[@@@]el bitdefender",>20,3.50, ,"","Y","bit defender"		
software, antivirus,"swb11010062","bitdefender antivirus plus - (2 licencias independientes x 1) para un dispositivo x 1",>20,12.00, ,"","Y","bit defender"		
software, antivirus,"swb11010063","bitdefender antivirus plus - licencia de 1 año para 3 dispositivos[@@@]el bitdefender",>20,22.00, ,"","Y","bit defender"		
software, antivirus,"swb11020057","software bitdefender internet security, licencia para 1pc+1 adicional, 12 meses[@@@]",>20,21.78, ,"","W","bit defender"		
software, antivirus,"swb11020058","software bitdefender internet security, licencia para 3 pcs, 12 meses[@@@]",20,20.20, ,"","W","bit defender"		
software, antivirus,"swb11020059","bd internet security 1pc 12m",>20,4.38, ,"","Y","bit defender"		
software, antivirus,"swb11030029","bd total sec prem vpn 5pc 12m",4,37.90, ,"","Y","bit defender"		
software, antivirus,"swb11030033","bitdefender total security - licencia de 1 año para 3 dispositivos[@@@]el bitdefender",>20,29.50, ,"","Y","bit defender"		
software, antivirus,"swb11030034","bitdefender total security - licencia de 1 año para 5 dispositivos[@@@]el bitdefender",>20,31.50, ,"","Y","bit defender"		
software, antivirus,"swkl1041d5afsa","kaspersky standar 1pc 1y",1,16.20, ,"","Y","kaspersky"		
software, antivirus,"swkl1041d5cfsa","kaspersky standar 3pc 1y",>20,21.60, ,"","Y","kaspersky"		
software, antivirus,"swkl1041d5efsa","kaspersky standar 5pc 1y",>20,27.70, ,"","Y","kaspersky"		
software, antivirus,"swkl1041d5kfsa","kaspersky standar 10pc 1y",3,38.90, ,"","Y","kaspersky"		
software, antivirus,"swkl1042d5afsa","kaspersky plus 1pc 1y",>20,22.30, ,"","Y","kaspersky"		
software, antivirus,"swkl1042d5cfsa","kaspersky plus 3pc 1y",>20,34.00, ,"","Y","kaspersky"		
software, antivirus,"swkl1042d5efsa","kaspersky plus 5pc 1y",>20,35.10, ,"","Y","kaspersky"		
software, antivirus,"swkl1042d5kfsa","kaspersky plus 10pc 1y",>20,54.30, ,"","Y","kaspersky"		
software, antivirus,"swkl1042dda-ens","kaspersky plus latam 1-dvc", ,36.00, ,"","Y","kaspersky"		
software, antivirus,"swkl1047d5afsa","kaspersky premium 1pc 1y",>20,30.30, ,"","Y","kaspersky"		
software, antivirus,"swkl1047d5cfsa","kaspersky premium 3pc 1y",>20,37.30, ,"","Y","kaspersky"		
software, antivirus,"swkl1047d5efsa","kaspersky premium 5pc 1y",>20,45.30, ,"","Y","kaspersky"		
software, antivirus,"swkl1047d5kfsa","kaspersky premium 10pc 1y",>20,57.30, ,"","Y","kaspersky"		
software, antivirus,"swnodv11030111","eset 2020 multidevice 10pc 13m",7,300.00, ,"","W","eset"		
software, antivirus,"sws11010224","eset antivirus nod32 2025 3pc", ,32.60, ,"","Y","eset"		
software, antivirus,"sws11010229","eset antivirus nod 32 2026 1pc",>20,24.90, ,"","Y","eset"		
software, antivirus,"sws11010230","eset nod32 3 user",>20,33.20, ,"","Y","eset"		
software, antivirus,"sws11010231","eset antivirus nod 32 2026 5pc",>20,49.00, ,"","Y","eset"		
software, antivirus,"sws11010233","eset nod 32 2x1 + 1mbg 2026",>20,24.80, ,"","Y","eset"		
software, antivirus,"sws11010235","eset nod 32 2026 1pc 50%",>20,12.35, ,"","Y","eset"		
software, antivirus,"sws11030169","software eset home security ultimate para 5 pcs, edicion especial (licencia de 13 mes", ,75.60, ,"","W","eset"		
software, antivirus,"sws11030185","eset small bussines sec 5pc 1y", ,87.50, ,"","Y","eset"		
software, antivirus,"sws11030186","eset small bussine sec 10pc 1y",14,108.20, ,"","Y","eset"		
software, antivirus,"sws11030187","eset small busines sec 15pc 1y",16,150.80, ,"","Y","eset"		
software, antivirus,"sws11030188","eset small busines sec 20pc 1y",3,201.37, ,"","Y","eset"		
software, antivirus,"sws11030191","eset home sec esen 2025 3pc 1y", ,33.36, ,"","Y","eset"		
software, antivirus,"sws11030192","eset hsec essen 2025 6d 13m", ,54.00, ,"","Y","eset"		
software, antivirus,"sws11030194","blister eset file server", ,49.00, ,"","Y","eset"		
software, antivirus,"sws11030200","eset h essen 1 pc (2x1) + 1 mg", ,26.37, ,"","Y","eset"		
software, antivirus,"sws11030202","eset home premium 1 pc 30% off", ,20.55, ,"","Y","eset"		
software, antivirus,"sws11030204","eset home sec prem 1pc 30%off", ,21.10, ,"","W","eset"		
software, antivirus,"sws11030211","eset hsec essen 2026 1 disp 1y",>20,9999999.99, ,"","Y","eset"		
software, antivirus,"sws11030212","eset home sec esen 2026 3pc 1y",>20,33.30, ,"","Y","eset"		
software, antivirus,"sws11030213","home security essential 6 disp",>20,53.20, ,"","Y","eset"		
software, antivirus,"sws11030217","eset home security ultimate 5m",>20,76.50, ,"","Y","eset"		
software, antivirus,"sws11030220","eset home sec essen 2x1 bts",>20,26.50, ,"","Y","eset"		
software, antivirus,"sws11030221","eset home security premium bts",>20,20.12, ,"","Y","eset"		
software, antivirus,"sws11030222","eset home security ultimate f",>20,91.60, ,"","Y","eset"		
software, antivirus,"sws11030224","eset hsec essen 2026 1d 1y 40%",>20,9999999.99, ,"","Y","eset"		
software, antivirus,"zzb11010054m","bd antivirus plus 1pc 12m", ,999.00, ,"","Y","western digital"		
software, antivirus,"zzb11020059m","bd internet security 1pc 12m", ,999.00, ,"","Y","western digital"		
software, antivirus,"zzdb11911005","bd total security 5pcs 12m",>20,666.00, ,"","Y","microsoft oem"		
software, antivirus,"zzkl4541ddelen","ksp small office sec 5pc+1serv",>20,999.00, ,"","Y","lenovo - thinkpad"		
software, antivirus,"zzlenb11010054","bundle lenovo blister",>20,999.00, ,"","Z","lenovo - idea"		
software, antivirus,"zzwdkl1041ddafs","ksp standard 2022 1pc 1y - wd",>20,999.00, ,"","Y","western digital"		
_______________,"_______________","__________________________________","__________"		
 ,"CODIGO","SOFTWARE, OTROS","STOCK","PREC DISTRIB US $","PREC S/.","FLETE ","GARAN","MARCA"		
software, otros,"achpeq9y69aae","aruba central 25/41/60/61/8-12", ,212.55, ,"","W","hp enterprise - networking"		
software, otros,"licq9y73aae","aruba central 62/29xx f 1y e-s", ,137.00, ,"","Y","hp enterprise - networking"		
software, otros,"swdb11911005","bd total security 5pcs 12m",1,666.00, ,"","D","bit defender"		
software, otros,"swhnw281aab1k","software hp classroom manager 2.0, 1 licencia, para pc con windows.[@@@]tome el contr", ,16.38, ,"","W","hp comercial"		
software, otros,"swkl1939ddafs","kaspersky internet security m",>20,999.00, ,"","W","kaspersky"		
software, otros,"swkl1939ddkts","ksp internet security mul 10pc",2,195.00, ,"","W","kaspersky"		
software, otros,"swkl4541ddkfr","kaspersky small office 10 pc",2,185.00, ,"","W","kaspersky"		
software, otros,"swlen01gu631","licencia lenovo microsoft windows server 2016 standard, oem, 4 nucleos adicionales.[@",5,188.00, ,"","W","lenovo - systemx"		
software, otros,"swwmvs5espkitgs","soporte técnico vmware vsphere essentials plus kit (v. 5), 1 año, 12x5, respuesta 4 h",1,897.00, ,"","Z","zz otras marcas"		
software, otros,"zzzserapktrilc","apk trilce 2017", ,110.00, ,"","D","advance computer corp"		
_______________,"_______________","__________________________________","__________"		
 ,"CODIGO","SSD 2.5 SATA","STOCK","PREC DISTRIB US $","PREC S/.","FLETE ","GARAN","MARCA"		
ssd 2.5 sata,"ssd128tggx2s3","unidad en estado solido tg gx2, 128gb, sata iii 6gb/s, 2.5, dc +5v[@@@]velocidad de ",>20,28.15, ,"","P","teamgroup"		
ssd 2.5 sata,"ssd1ttgcx2s6g","unidad de estado solido teamgroup cx2, 1tb, sata 6.0 gb/s, 2.5, ecc, dc +5v[@@@]velo",>20,115.50, ,"","F","teamgroup"		
ssd 2.5 sata,"ssd256gbwm100","unidad en estado solido (ssd) biwin m100, 256gb, sata iii (6.0gb/s), 2.5[@@@]dale nu",>20,58.50, ,"","P","biwin"		
ssd 2.5 sata,"ssd256tfvulz0s3","ssd 256gb tf vulcan z sata 2.5",>20,44.75, ,"","P","teamgroup"		
ssd 2.5 sata,"ssd512gbwm100","unidad en estado solido biwin m100, 512gb, sata 6gb/s, 2.5[@@@]velocidad de escritur",>20,97.30, ,"","P","biwin"		
ssd 2.5 sata,"ssd512gtfvulcz3","unidad en estado solido t-force vulcan z, 512gb, sata 6gb/s, 2.5, negro, dc +5v[@@@]", ,75.40, ,"","P","teamgroup"		
ssd 2.5 sata,"ssdadasu650ss25","unidad en estado solido (ssd) adata ultimate su650 256gb sata 6gb/s (sata iii), 2.5,",>20,48.30, ,"","P","adata"		
ssd 2.5 sata,"ssdadasu650ss51","unidad en estado solido (ssd) adata ultimate su650 512gb sata 6gb/s (sata iii), 2.5,",1,71.30, ,"","P","adata"		
ssd 2.5 sata,"ssdhswaves1024","unidad de estado solido hiksemi hs-ssd wave (s),1024gb, sata iii, 2.5, 550 mb/s[@@@]",>20,110.30, ,"","P","hiksemi"		
ssd 2.5 sata,"ssdhswaves256","unidad en estado solido (ssd) hiksemi hs-ssd-wave(s) 256gb, 2.5, sata iii[@@@]veloci",>20,50.30, ,"","P","hiksemi"		
ssd 2.5 sata,"ssdhswaves512","unidad en estado solido (ssd) hiksemi hs-ssd-wave(s) 512gb, 2.5, sata iii[@@@]veloci",>20,74.30, ,"","P","hiksemi"		
ssd 2.5 sata,"ssdktdc600m1920","unidad en estado solido kingston dc600m 1920gb, sata rev. 3.0 (6gb/seg), 2.5[@@@]vel",12,1001.00, ,"","P","kingston"		
ssd 2.5 sata,"ssdktdc600m3840","unidad en estado solido kingston dc600m 3840gb, sata rev. 3.0 (6gb/seg), 2.5[@@@]vel",4,1501.00, ,"","P","kingston"		
ssd 2.5 sata,"ssdktdc600m480","unidad en estado solido kingston dc600m 480gb, sata rev. 3.0 (6gb/seg), 2.5[@@@]velo",7,336.00, ,"","P","kingston"		
ssd 2.5 sata,"ssdktdc600m960","unidad en estado solido kingston dc600m 960gb, sata rev. 3.0 (6gb/seg), 2.5[@@@]velo",16,534.50, ,"","P","kingston"		
ssd 2.5 sata,"ssdktsa400s240g","unidad de estado solido kingston a400, 240gb, sata 6gb/s, 2.5, 7mm, tlc.[@@@]velocid",>20,56.40, ,"","F","kingston"		
ssd 2.5 sata,"ssdktsa400s480g","unidad de estado solido kingston a400, 480gb, sata 6gb/s, 2.5, 7mm.[@@@]velocidad de",>20,93.30, ,"","F","kingston"		
ssd 2.5 sata,"ssdktsa400s960g","unidad de estado solido kingston a400, 960gb, sata 6.0 gb/s, 2.5, 7mm.[@@@]velocidad",>20,117.50, ,"","F","kingston"		
ssd 2.5 sata,"ssdktskc6001024","unidad en estado solido kingston kc600, 1024gb, sata rev 3.0 (6 gb/s)[@@@]factor de f",>20,252.50, ,"","F","kingston"		
ssd 2.5 sata,"ssdktskc6002048","unidad en estado solido kingston kc600, 2048gb, sata iii (6gb/seg)[@@@]factor de form",5,460.50, ,"","F","kingston"		
ssd 2.5 sata,"ssdktskc600256g","unidad en estado solido kingston kc600, 256gb, sata 6.0 gbps, 2.5, 7mm.[@@@]velocida",>20,86.30, ,"","F","kingston"		
ssd 2.5 sata,"ssdktskc600512g","unidad en estado solido kingston kc600, 512gb, sata 6.0 gbps, 2.5, 7mm.[@@@]velocida",>20,145.50, ,"","F","kingston"		
_______________,"_______________","__________________________________","__________"		
 ,"CODIGO","SSD ACCESORIOS, OTROS","STOCK","PREC DISTRIB US $","PREC S/.","FLETE ","GARAN","MARCA"		
ssd accesorios, otros,"sddhsenclomdr1","enclosure (estuche) portatil hiksemi mdr1 con luzrgb, interfaz usb 3.2 gen 2 tipo-c, ",10,19.30, ,"","D","hiksemi"		
ssd accesorios, otros,"ssdacchsmh2","ssd disipador hiksemi mh2 m.2",>20,4.55, ,"","P","hiksemi"		
ssd accesorios, otros,"ssdhsenclomd202","enclosure (estuche) portatil hiksemi md202, interfaz usb 3.2 gen 2 tipo-c, gris[@@@]c",>20,12.20, ,"","D","hiksemi"		
_______________,"_______________","__________________________________","__________"		
 ,"CODIGO","SSD M.2 NVMe","STOCK","PREC DISTRIB US $","PREC S/.","FLETE ","GARAN","MARCA"		
ssd m.2 nvme,"ssd1ttgmp33fp60","unidad en estado solido mp33 m.2 pcie ssd, 1tb, dc +3.3v[@@@]interfaz pcie 3.0 x4 nvm",>20,164.80, ,"","P","teamgroup"		
ssd m.2 nvme,"ssd1ttgmp44qm2n","ssd 1tb tg mp44q m2 nv pcie4x4",>20,171.00, ,"","P","teamgroup"		
ssd m.2 nvme,"ssd1ttgnv5000p4","unidad de estado solido teamgroup nv5000 m.2 pcie4.0 ssd m.2 1tb, pcie gen4x4 con nvm",>20,158.80, ,"","P","teamgroup"		
ssd m.2 nvme,"ssd256tfmp33m24","unidad en estado solido mp33 m.2 pcie ssd, 256gb,dc +3.3v[@@@]interfaz pcie 3.0 x4 nv",>20,63.35, ,"","P","teamgroup"		
ssd m.2 nvme,"ssd500gbm350","unidad en estado solido (ssd) biwin m350 500gb, m.2 2280 pcie gen4 x4 nvme[@@@]mejora",>20,103.30, ,"","P","biwin"		
ssd m.2 nvme,"ssd500gtgmp44l","unidad de estado solido teamgroup mp44l 500gb, m.2, pci-e 4.0 x4 con nvme 1.4[@@@]vel",>20,91.50, ,"","P","teamgroup"		
ssd m.2 nvme,"ssd500gtgnv50p4","unidad en estado solido teamgroup nv5000, 500gb m.2 pcie ssd, 4,500 mb/s[@@@]mpulsa e",>20,96.50, ,"","P","teamgroup"		
ssd m.2 nvme,"ssd512gbnv3500","unidad en estado solido (ssd) biwin black opal nv3500, 512gb pcie 3.0 x4 con nvme 1.4",>20,98.30, ,"","P","biwin"		
ssd m.2 nvme,"ssd512tfmp33m24","unidad en estado solido mp33 m.2 pcie ssd, 512gb,dc +3.3v[@@@]interfaz pcie 3.0 x4 nv",>20,94.25, ,"","P","teamgroup"		
ssd m.2 nvme,"ssdacbl9bwwa118","unidad en estado solido (ssd) acer fa100 256gb m.2 pcie nvme[@@@]velocidad de escritu",>20,59.30, ,"","D","acer"		
ssd m.2 nvme,"ssdacbl9bwwa119","unidad en estado solido (ssd) acer fa100 512gb m.2 pcie nvme[@@@]velocidad de escritu",>20,101.50, ,"","D","acer"		
ssd m.2 nvme,"ssdadaleg7001tc","unidad en estado solido (ssd) adata legend 700 1tb pcie gen 3.0 x4 m.2 2280[@@@]haz q",1,142.50, ,"","P","adata"		
ssd m.2 nvme,"ssdadaleg7101tc","unidad en estado solido (ssd) adata legend 710 1tb pcie gen 3.0 x4 m.2 2280[@@@]haz q",1,140.50, ,"","P","adata"		
ssd m.2 nvme,"ssdadaleg710512","unidad en estado solido (ssd) adata legend 710 512gb pcie gen 3.0 x4 m.2 2280[@@@]haz",7,93.50, ,"","P","adata"		
ssd m.2 nvme,"ssdhsfutx512","unidad de estado solido (ssd) hiksemi futurex 512gb m.2 2280, interfaz: pcie gen4 x4[",>20,99.30, ,"","S","hiksemi"		
ssd m.2 nvme,"ssdhswavep256","unidad de estado solido hiksemi consumo wave (p),256gb, m.2 2280, pcie, 2280 mb/s[@@@",>20,58.30, ,"","P","hiksemi"		
ssd m.2 nvme,"ssdhswavep512","unidad de estado solido hiksemi consumo wave (p),512gb, m.2 2280, pcie, 2230 mb/s[@@@",>20,83.30, ,"","P","hiksemi"		
ssd m.2 nvme,"ssdktnv3sm31000","ssd kingston nv3 pcie 4.0 nvme de 1 tb[@@@]acelera el rendimiento de tu equipo con el",>20,215.50, ,"","S","kingston"		
ssd m.2 nvme,"ssdktnv3sm32000","ssd kingston nv3 pcie 4.0 nvme de 2 tb[@@@]disfruta de almacenamiento veloz y confiab",>20,396.00, ,"","S","kingston"		
ssd m.2 nvme,"ssdktnv3sm3500","ssd kingston nv3 pcie 4.0 nvme de 500 gb[@@@]mejora la velocidad de tu equipo con el ",>20,135.30, ,"","S","kingston"		
ssd m.2 nvme,"ssdktsfyr2s2t0","unidad en estado solido kingston fury renegade g5, 2048gb, m.2 2280, nvme pcie 5.0 x4",12,488.00, ,"","S","kingston"		
ssd m.2 nvme,"ssdktsfyr2s4t0","unidad en estado solido kingston fury renegade g5, 4096gb, m.2 2280, nvme pcie 5.0 x4",1,1438.00, ,"","S","kingston"		
ssd m.2 nvme,"ssdktsfyrdk2000","unidad en estado solido kingston fury renegade 2tb, m.2 2280 pcie 4.0 x4 nvme.[@@@]ve",4,386.00, ,"","S","kingston"		
ssd m.2 nvme,"ssdktsnv3m1000","unidad en estado solido kingston 1000gb nv3 pcie 4.0 nvme m.2 ssd[@@@]",>20,149.30, ,"","S","kingston"		
ssd m.2 nvme,"ssdktsnv3m2000","unidad en estado solido kingston 2000gb nv3 pcie 4.0 nvme m.2 ssd[@@@]",18,299.00, ,"","S","kingston"		
ssd m.2 nvme,"ssdktsnv3m4000","unidad en estado solido kingston 4000gb nv3 pcie 4.0 nvme m.2 ssd[@@@]",11,643.00, ,"","S","kingston"		
ssd m.2 nvme,"ssdktsnv3m500","unidad en estado solido kingston 500gb nv3 pcie 4.0 nvme m.2 ssd[@@@]",>20,95.30, ,"","S","kingston"		
ssd m.2 nvme,"ssdwds100t2g0c","unidad en estado solido wd green sn350 nvme 1tb m.2 2280, pcie gen3 x4 nvme v1.3[@@@]",>20,153.50, ,"","P","sandisk"		
ssd m.2 nvme,"ssdwds100t4g0e","unidad en estado solido wd green sn3000 nvme 1tb m.2 2280, pcie gen 4.0 x4, nvme[@@@]",>20,299.30, ,"","P","sandisk"		
ssd m.2 nvme,"ssdwds200t3g0c","unidad en estado solido western digital green sn350 nvme 2tb m.2 2280, pcie gen3 x4[@", ,266.50, ,"","P","sandisk"		
ssd m.2 nvme,"ssdwds500g2g0c","unidad en estado solido western digital green sn350 nvme, 500gb m.2 2280[@@@]interfaz",>20,96.30, ,"","P","sandisk"		
ssd m.2 nvme,"ssdwds500g4g0e","unidad en estado solido wd green sn3000 nvme 500gb m.2 2280, pcie gen 4.0 x4, nvme[@@",>20,135.50, ,"","P","sandisk"		
ssd m.2 nvme,"zzssdsgzp500cv3","zz ssd barracuda q5 500g m.2",1,999.00, ,"","Z","seagate"		
_______________,"_______________","__________________________________","__________"		
 ,"CODIGO","SSD M.2 SATA","STOCK","PREC DISTRIB US $","PREC S/.","FLETE ","GARAN","MARCA"		
ssd m.2 sata,"ssdh674nm225610","ssd m2 sata 256gb",10,80.00, ,"","D","zz otras marcas"		
_______________,"_______________","__________________________________","__________"		
 ,"CODIGO","STORAGE - ACCESORIOS","STOCK","PREC DISTRIB US $","PREC S/.","FLETE ","GARAN","MARCA"		
storage - accesorios,"accqnrailb02","kit de rieles estándar | qnap rail-b02[@@@]los kits de rieles de qnap ayudan a instal",5,120.50, ,"","D","qnap"		
_______________,"_______________","__________________________________","__________"		
 ,"CODIGO","STORAGE - ALMACENAMIENTO","STOCK","PREC DISTRIB US $","PREC S/.","FLETE ","GARAN","MARCA"		
storage - almacenamiento,"nasas1202t","servidor nas asustor drivestor 2 gen2 (as1202t), realtek rtd1619b 1.7ghz qc/1gb ddr4 ",2,200.00, ,"","P","asustor"		
storage - almacenamiento,"nasas3302t","servidor nas asustor drivestor 2 pro gen2 (as3302t v2) realtek rtd1619b 1.7ghz/qc/2gb",2,265.50, ,"","P","asustor"		
storage - almacenamiento,"nasas6806t","servidor nas asustor lockerstor 6 gen3 (as6806t) ryzen v3c14/qc/10nm, 16gb ecc ddr5-4",1,1383.00, ,"","P","asustor"		
storage - almacenamiento,"nasqnts1273aurp","qnap ts-1273au-rp 12 bay",2,2871.00, ,"","S","qnap"		
storage - almacenamiento,"nasqnts216gus","servidor nas qnap ts-216g, arm cortex a55 4c/2ghz, 4gb ram (on-board), bahias: 2x3.5",11,303.50, ,"","F","qnap"		
storage - almacenamiento,"nasqnts233us","servidor nas qnap ts-233, arm cortex a55 4c/2ghz,2gb ram(on-board), bahias: 2 x 3.5 ",2,248.50, ,"","F","qnap"		
storage - almacenamiento,"nasqnts2648gus","servidor nas qnap ts-264-8g, celeron n5095 4c / 2.9ghz, 8gb ram, bahias: 2 x 3.5 sat",5,571.50, ,"","P","qnap"		
storage - almacenamiento,"nasqnts432x4gus","servidor nas qnap ts-432x-4g, arm al524 4c/2ghz, 4gb ram sodimm, bahias: 4x3.5 sata[",2,710.50, ,"","F","qnap"		
storage - almacenamiento,"nasqnts435xeu4g","servidor nas qnap ts-435xeu-4g, marvell octeon tx2 armv8 cortex-a72 4c/2.2g, 4gb ram ",3,841.00, ,"","P","qnap"		
storage - almacenamiento,"nasqnts4648gus","servidor nas qnap ts-464-8g, celeron n5095 4c/2.9ghz, 8gb ddr4 / bahias: 4 x 3.5 sat",1,742.50, ,"","F","qnap"		
storage - almacenamiento,"nasqnts473a8gus","servidor nas qnap ts-473a, amd ryzen v1500b/2.2ghz, 8gb ddr4 sodimm, bahias: 4 x 3.5",13,1031.00, ,"","P","qnap"		
storage - almacenamiento,"nasqnts673a8gus","servidor nas qnap ts-673a-8g, ryzen v1500b 4c/2.2ghz, 8gb ram sodimm, bahias: 6x3.5 ",4,1071.00, ,"","P","qnap"		
storage - almacenamiento,"nasqnts832px4g","servidor nas qnap ts-832px-4g, arm cortex-a57 4c/1.7ghz, 4gb ddr4, bahias: 8 x 3.5 s",4,1068.00, ,"","F","qnap"		
storage - almacenamiento,"nasqnts932px4g","servidor nas qnap ts-932px-4g arm cortex-a57 4c/1.7ghz 4gb ddr4 bahias: 5x3.5+4x2.5",5,789.00, ,"","F","qnap"		
storage - almacenamiento,"svrqnts832pxurp","servidor nas qnap ts-832pxu-rp-4g, al324 arm cortex-a57 4c/1.7g, 4gb ddr4, 8 x3.5 sa",3,1527.00, ,"","P","qnap"		
_______________,"_______________","__________________________________","__________"		
 ,"CODIGO","STORAGE - NAS","STOCK","PREC DISTRIB US $","PREC S/.","FLETE ","GARAN","MARCA"		
storage - nas,"srvwrtd30nwjp","servidor de contenidos+access point incorporado wlan 802.11a/b/g/n/ac, dual band 2.4/", ,310.00, ,"","W","zz otras marcas"		
_______________,"_______________","__________________________________","__________"		
 ,"CODIGO","SUMINIST P/ PLOTTERS","STOCK","PREC DISTRIB US $","PREC S/.","FLETE ","GARAN","MARCA"		
suminist p/ plotters,"stept40w120","cartucho de tinta epson t40w120, ultrachrome xd2,contenido 80ml, color negro.[@@@]las",16,52.40, ,"","W","epson - comercial"		
suminist p/ plotters,"stept40w220","cartucho de tinta epson t40w220, ultrachrome xd2,contenido 50ml, color cyan.[@@@]las ",17,43.00, ,"","W","epson - comercial"		
suminist p/ plotters,"stept40w320","cartucho de tinta epson t40w320, ultrachrome xd2,contenido 50ml, color magenta.[@@@]l",9,43.00, ,"","W","epson - comercial"		
suminist p/ plotters,"stept40w420","cartucho de tinta epson t40w420, ultrachrome xd2,contenido 50ml, color amarillo.[@@@]",9,43.00, ,"","W","epson - comercial"		
suminist p/ plotters,"stept49h100","epson t49h black ink bottle 14",4,22.40, ,"","W","epson - comercial"		
suminist p/ plotters,"stept49h200","epson t49h cyan ink bottle 140",7,23.00, ,"","W","epson - comercial"		
suminist p/ plotters,"stept49h300","epson t49h magenta ink bottle",6,23.00, ,"","W","epson - comercial"		
_______________,"_______________","__________________________________","__________"		
 ,"CODIGO","SUMINIST P/IMPR, BOTELLAS","STOCK","PREC DISTRIB US $","PREC S/.","FLETE ","GARAN","MARCA"		
suminist p/impr, botellas,"stept504120","botella de tinta epson t504, color negro, contenido 127ml, para impresoras epson l416",>20,8.45, ,"","W","epson"		
suminist p/impr, botellas,"stept504220","botella de tinta epson t504220-al, color cyan, contenido 70ml.[@@@]para impresoras ep",>20,7.95, ,"","W","epson"		
suminist p/impr, botellas,"stept504320","botella de tinta epson t504320-al, color magenta,contenido 70ml.[@@@]para impresoras ",>20,7.95, ,"","W","epson"		
suminist p/impr, botellas,"stept504420","botella de tinta epson t504420-al, color amarillo, contenido 70ml.[@@@]para impresora",>20,7.95, ,"","W","epson"		
suminist p/impr, botellas,"stept544120","botella de tinta epson t544120-al, color negro, contenido 65ml.[@@@]para impresoras e",>20,7.95, ,"","X","epson"		
suminist p/impr, botellas,"stept544220","botella de tinta epson t544220-al, color cian, contenido 65ml.[@@@]para impresoras ep",>20,7.95, ,"","X","epson"		
suminist p/impr, botellas,"stept544320","botella de tinta epson t544320-al, color magenta,contenido 65ml.[@@@]para impresoras ",>20,7.95, ,"","X","epson"		
suminist p/impr, botellas,"stept544420","botella de tinta epson t544420-al, color amarillo, contenido 65ml.[@@@]para impresora",>20,7.80, ,"","X","epson"		
suminist p/impr, botellas,"stept554120","botella de tinta negra t55",>20,16.72, ,"","W","epson"		
suminist p/impr, botellas,"stept555120","botella de tinta negro t555120",>20,16.72, ,"","W","epson"		
suminist p/impr, botellas,"stept555220","botella de tinta cian t555220",>20,16.72, ,"","W","epson"		
suminist p/impr, botellas,"stept555320","botella de tinta mag t555320",>20,16.72, ,"","W","epson"		
suminist p/impr, botellas,"stept555420","botella de tinta amar t555420",>20,16.72, ,"","W","epson"		
suminist p/impr, botellas,"stept555520","botella de tinta gris t555520",>20,16.72, ,"","W","epson"		
suminist p/impr, botellas,"stept574320al","tinta magenta epson t574320-al",>20,8.01, ,"","W","epson"		
suminist p/impr, botellas,"stept574420al","tinta amarilla epson t574420-a",>20,8.01, ,"","W","epson"		
suminist p/impr, botellas,"stept574520al","tinta cian claro ep t574520-al",19,8.01, ,"","W","epson"		
suminist p/impr, botellas,"stept574620al","tintamagent claro ep t574620al",>20,8.01, ,"","W","epson"		
suminist p/impr, botellas,"stept664120","botella de tinta epson t664120, color negro, contenido 70ml, para impresoras epson l2",>20,7.95, ,"consultar","Z","epson"		
suminist p/impr, botellas,"stept664220","botella de tinta epson t664220, color cyan, contenido 70ml, para impresoras epson l20",>20,7.95, ,"consultar","Z","epson"		
suminist p/impr, botellas,"stept664320","botella de tinta epson t664320, color magenta, contenido 70ml, para impresoras epson ",>20,7.95, ,"consultar","Z","epson"		
suminist p/impr, botellas,"stept664420","botella de tinta epson t664420, color amarillo, contenido 70ml, para impresoras epson",>20,7.95, ,"consultar","Z","epson"		
suminist p/impr, botellas,"stept673120","botella de tinta epson 673 (t673120), color negro, contenido 70 ml, para impresora l8",>20,10.31, ,"","B","epson"		
suminist p/impr, botellas,"stept673220","botella de tinta epson 673 (t673220), color cian, contenido 70 ml, para impresora l80",15,10.31, ,"","X","epson"		
suminist p/impr, botellas,"stept673320","botella de tinta epson 673 (t673320), color magenta, contenido 70 ml, para impresora ",6,10.31, ,"","X","epson"		
suminist p/impr, botellas,"stept673420","botella de tinta epson 673 (t673420), color amarillo, contenido 70 ml, para impresora",1,10.31, ,"","X","epson"		
suminist p/impr, botellas,"stept673520","botella de tinta epson 673 (t673520), color cian claro, contenido 70 ml, para impreso",>20,10.31, ,"","X","epson"		
suminist p/impr, botellas,"stept673620","botella de tinta epson 673 (t673620), color magenta claro, contenido 70 ml, para impr",17,10.31, ,"","X","epson"		
suminist p/impr, botellas,"stept774120","botella de tinta epson 774 (t774120), 140ml, tinta negra, para impresoras epson workf",9,17.93, ,"consultar","B","epson"		
suminist p/impr, botellas,"steptt534120-al","botella de tinta epson t534120-al, color negro, contenido 120ml.[@@@]impresora epson ",16,17.93, ,"","W","epson"		
_______________,"_______________","__________________________________","__________"		
 ,"CODIGO","SUMINIST P/IMPRES, BOLSAS","STOCK","PREC DISTRIB US $","PREC S/.","FLETE ","GARAN","MARCA"		
suminist p/impres, bolsas,"stept01c120","bolsa de tinta t01c negro",5,33.00, ,"","W","epson - comercial"		
suminist p/impres, bolsas,"stept01c220","bolsa de tinta t01c cyan",5,33.70, ,"","W","epson - comercial"		
suminist p/impres, bolsas,"stept05a200","tinta cian wf c878r/879r",4,105.00, ,"","W","epson - comercial"		
suminist p/impres, bolsas,"stept05a300","tinta magenta wf c878r/879r",4,107.00, ,"","W","epson - comercial"		
suminist p/impres, bolsas,"stept05a400","tinta amarilla wf c878r/879r",2,105.00, ,"","W","epson - comercial"		
suminist p/impres, bolsas,"stept12c120al","wf - m5899 std",7,114.00, ,"","W","epson - comercial"		
suminist p/impres, bolsas,"stept941220al","bolsa de tinta epson t941220-al, color cyan.[@@@]las tintas epson durabrite ultra pro",>20,39.00, ,"","W","epson - comercial"		
suminist p/impres, bolsas,"stept941320al","bolsa de tinta epson t941320-al, color magenta.[@@@]las tintas epson durabrite ultra ",>20,38.30, ,"","W","epson - comercial"		
suminist p/impres, bolsas,"stept941420al","bolsa de tinta epson t941420-al, color yellow.[@@@]las tintas epson durabrite ultra p",>20,38.30, ,"","W","epson - comercial"		
suminist p/impres, bolsas,"stept942120al","bolsa de tinta epson t942120-al, color negro.[@@@]las tintas epson durabrite ultra pr",>20,40.50, ,"","W","epson - comercial"		
suminist p/impres, bolsas,"stept962120-al","bolsa de tinta epson 962 xxl, extra alta capacidad, negro.[@@@]para impresora epson w",>20,110.00, ,"","W","epson - comercial"		
suminist p/impres, bolsas,"stept973420","bolsa de tinta epson durabrite pro t973420, coloryellow.[@@@]para impresora epson wor",9,112.40, ,"","W","epson - comercial"		
_______________,"_______________","__________________________________","__________"		
 ,"CODIGO","SUMINIST P/IMPRES, CINTAS","STOCK","PREC DISTRIB US $","PREC S/.","FLETE ","GARAN","MARCA"		
suminist p/impres, cintas,"steperc-32b","cinta epson erc-32 b, color negro, presentación en caja",>20,3.70, ,"","Z","epson - comercial"		
suminist p/impres, cintas,"steps015329","cinta epson para impresora fx-890",>20,6.70, ,"consultar","Z","epson - comercial"		
suminist p/impres, cintas,"steps015335","cinta epson para impresora fx-2190",1,24.20, ,"consultar","Z","epson - comercial"		
suminist p/impres, cintas,"steps015337","cinta para impresora lq-590 s015337 - presentación colgador",>20,10.70, ,"consultar","Z","epson - comercial"		
suminist p/impres, cintas,"steps015631","cartucho de cinta epson s015631, negro, para impresora lx-350.[@@@]", ,6.40, ,"consultar","B","epson - comercial"		
_______________,"_______________","__________________________________","__________"		
 ,"CODIGO","SUMINIST P/IMPRES, TINTAS","STOCK","PREC DISTRIB US $","PREC S/.","FLETE ","GARAN","MARCA"		
suminist p/impres, tintas,"stepc13t52l220","cyan ink cartridge for c4000",6,28.50, ,"","W","epson - comercial"		
suminist p/impres, tintas,"stepc13t52l320","magenta ink cartridge for c400",6,28.50, ,"","W","epson - comercial"		
suminist p/impres, tintas,"stepc13t52l420","yellow ink cartridge for c4000",6,28.50, ,"","W","epson - comercial"		
suminist p/impres, tintas,"stepc13t52l520","black matte  cartridge for cw",10,28.20, ,"","W","epson - comercial"		
suminist p/impres, tintas,"stepsjic35p-c","cart. de tinta cian sjic35p-c",20,35.30, ,"","W","epson - comercial"		
suminist p/impres, tintas,"stepsjic35p-k","cart. de tinta negra sjic35p-k",>20,35.30, ,"","W","epson - comercial"		
suminist p/impres, tintas,"stepsjic35p-m","cart. de tinta magen sjic35p-m",10,35.30, ,"","W","epson - comercial"		
suminist p/impres, tintas,"stepsjic35p-y","cart. de tinta amari sjic35p-y",19,35.30, ,"","W","epson - comercial"		
suminist p/impres, tintas,"stepsjic35pk","cart. de tinta negra sjic35p(k",10,34.70, ,"","W","epson - comercial"		
suminist p/impres, tintas,"stept01d120","tinta durabrite ultra t01d (b)",12,151.40, ,"","W","epson - comercial"		
suminist p/impres, tintas,"stept01d220","tinta durabrite ultra t01d (c)",12,117.70, ,"","W","epson - comercial"		
suminist p/impres, tintas,"stept01d320","tinta durabrite ultra t01d (m)",>20,117.00, ,"","W","epson - comercial"		
suminist p/impres, tintas,"stept01d420","tinta durabrite ultra t01d (y)",13,117.00, ,"","W","epson - comercial"		
suminist p/impres, tintas,"stept5846","200 series print pack 150 hojas papel glossy t5846, contiene un cartucho de tinta de ",>20,60.00, ,"","C","epson"		
suminist p/impres, tintas,"stept748xxl120","cartucho de tinta color negro, extra alta capacidad, epson 748xxl.[@@@]presentación e",>20,48.50, ,"","W","epson - comercial"		
suminist p/impres, tintas,"stept748xxl220","epson t748xxl cartucho de tinta color cyan durabrite pro de alta capacidad extra.[@@@",>20,49.70, ,"","W","epson - comercial"		
suminist p/impres, tintas,"stept748xxl320","cartucho de tinta epson 748xxl, magenta, alto rendimiento, para epson workforce pro.[",>20,49.70, ,"","W","epson - comercial"		
suminist p/impres, tintas,"stept748xxl420","epson 748, capacidad extra alta.[@@@]copatible con workforce pro wf-6090, wf-6590, wf",>20,49.70, ,"","W","epson - comercial"		
suminist p/impres, tintas,"stept913500","cartucho de tinta epson t913500, cian claro, paraimpresora epson surecolor p5000 stan", ,93.42, ,"","W","epson - comercial"		
suminist p/impres, tintas,"sthp1vv22al","botella de tinta original negra hp gt53 (1vv22al), 90ml.[@@@]compatibilidad con  impr",>20,8.00, ,"","Y","hp consumo"		
suminist p/impres, tintas,"sthp1vv22al-b","hp gt53 90ml black original in",7,8.30, ,"","Y","hp consumo"		
suminist p/impres, tintas,"sthpm0h54al","botella de tinta original cian hp gt52 (m0h54al),70ml.[@@@]compatibilidad con  impres",>20,8.00, ,"","Y","hp consumo"		
suminist p/impres, tintas,"sthpm0h55al","botella de tinta original magenta hp gt52 (m0h55al), 70ml.[@@@]compatibilidad con  im",>20,8.00, ,"","Y","hp consumo"		
suminist p/impres, tintas,"sthpm0h56al","botella de tinta original amarillo hp gt52 (m0h56al), 70ml.[@@@]compatibilidad con  i",>20,8.00, ,"","Y","hp consumo"		
suminist p/impres, tintas,"stprcancl246","cartucho de tinta canon cl-246, tri-color, fine technology, 180 paginas.[@@@]compatib",>20,15.00, ,"","C","canon"		
suminist p/impres, tintas,"sumepc33s020577","cartucho de tinta epson color negro para impresoras epson tm-c3500.[@@@]",12,16.30, ,"","W","epson - comercial"		
suminist p/impres, tintas,"sumepc33s020581","cartucho de tinta epson color cian para impresoras epson tm-c3500.[@@@]",1,16.75, ,"","W","epson - comercial"		
suminist p/impres, tintas,"sumepc33s020582","cartucho de tinta epson color magenta para impresoras epson tm-c3500.[@@@]",2,16.75, ,"","W","epson - comercial"		
suminist p/impres, tintas,"sumepc33s020583","cartucho de tinta epson color amarillo para impresoras epson tm-c3500.[@@@]",2,16.75, ,"","W","epson - comercial"		
_______________,"_______________","__________________________________","__________"		
 ,"CODIGO","T CELULARES, ACCESORIOS","STOCK","PREC DISTRIB US $","PREC S/.","FLETE ","GARAN","MARCA"		
t celulares, accesorios,"acctcte7055d","powerbank teros te-7055d, 5000 mah, (3,85 v/19.35wh)[@@@]descubre el powerbank teros ",13,18.70, ,"","D","teros"		
t celulares, accesorios,"acctcte7059n","powerbank teros te-7059n, 30000mah, usb-a, usb-c,negro[@@@]mantén tus dispositivos si",12,23.00, ,"","D","teros"		
t celulares, accesorios,"accte7056n","estabilizador gimbal de 3 ejes 360º con rastreador ia, teros te-7056n para telefonos[",>20,57.00, ,"","D","teros"		
t celulares, accesorios,"zzte7056sm","powerbank 10000mah slim", ,999.00, ,"","Y","western digital"		
t celulares, accesorios,"zzzaccmetalgrpp","black metal gripper", ,13.00, ,"","D","zz otras marcas"		
_______________,"_______________","__________________________________","__________"		
 ,"CODIGO","TABLET ANDROID","STOCK","PREC DISTRIB US $","PREC S/.","FLETE ","GARAN","MARCA"		
tablet android,"tbadvsp3703sl","tablet advance smartpad sp3703 wifi 10.1 wxga ips a333 1.75ghz 4gb 64gb android 15 g",14,97.00, ,"","D","advance computer corp"		
tablet android,"tbadvsp5706plus","tablet advance smartpad sp5706, 10.1 wxga ips, t310 2.00ghz, 4gb ram, 64gb, android ",>20,115.00, ,"","D","advance computer corp"		
tablet android,"tbadvsp5706sl","tablet advance smartpad sp5706 + teclado, 10.1 wxga ips, 4gb ram, 64gb, android 13[@",3,115.00, ,"","D","advance computer corp"		
tablet android,"tbadvsp5706sl2","tablet advance smartpad sp5706, 10.1 wxga ips, t310 2.00ghz, 4gb ram, 64gb, android ",>20,105.00, ,"","D","advance computer corp"		
tablet android,"tbadvtr6955bl","tablet advance intro tr6955, 7 ips 1024x600, android 11 go, 3g, dual sim, 32gb, ram ",>20,70.00, ,"","D","advance computer corp"		
tablet android,"tbadvtr6955grn","tablet advance intro tr6955, 7 ips 1024x600, android 11 go, 3g, dual sim, 32gb, ram ",>20,70.00, ,"","D","advance computer corp"		
tablet android,"tbadvtr6955pnk","tablet advance intro tr6955, 7 ips 1024x600, android 11 go, 3g, dual sim, 32gb, ram ",>20,70.00, ,"","D","advance computer corp"		
tablet android,"tblenzadx0126pe","tab lenovo tab plus tb351fu, 11.5/2k/ips/touch/android 14 o sup/8gb lpddr4x/128gb uf",>20,201.00, ,"","Y","lenovo - idea"		
tablet android,"tblenzae40162pe","tablet lenovo idea tab pro, 12.7 3k (2944x1840) ltps/glossy/touch/android 14 o super",>20,445.00, ,"","D","lenovo - idea"		
tablet android,"tblenzaef0044pe","tablet lenovo legion tab, 8.8 2.5k (2560x1600/ltps/500nits(typical)/165hz/glossy/tou",>20,462.00, ,"","D","lenovo - idea"		
tablet android,"tblenzaeh0133pe","tablet lenovo tb311fu, 10.1 wuxga (1920x1200)/tft/lcd/ips/touch/android 14 o superio",>20,147.00, ,"","D","lenovo - idea"		
tablet android,"tblenzaej0105pe","tablet lenovo idea 10.1” wuxga (1920x1200) tft lcd (ips) /touch/android 14 o superior",>20,148.00, ,"","D","lenovo - idea"		
tablet android,"tblenzaf00190pe","tablet lenovo tab one zaf00190pe, 8.7 hd (1340x800) ips, 4gb ram lpddr4x, 128gb emmc",>20,136.00, ,"","D","lenovo - idea"		
tablet android,"tblenzaf10142pe","tablet lenovo tab one zaf10142pe, 8.7 hd (1340x800) ips, 4gb ram lpddr4x, 128gb emmc",>20,140.00, ,"","Y","lenovo - idea"		
tablet android,"tblenzag70837pe","tablet lenovo tab plus 12.1 2.5k (2560x1600) ips/90hz/touch/8gb ram/256gb rom, andro", ,351.00, ,"","Y","lenovo - idea"		
tablet android,"tblzaef0044pe-b","tab legion 8.8 bbx 12 256",1,336.00, ,"","C","lenovo - idea"		
tablet android,"tbsmx133nzaapeo","tablet samsung galaxy tab a11, 8.7 1340x800 (wxga+) tft lcd, 4gb ram / 64gb rom[@@@]",>20,144.00, ,"","Y","samsung"		
tablet android,"tbsmx135gzaapeo","tablet samsung galaxy tab a11, 8.7 1340x800 (wxga+) tft lcd, 4gb ram / 64gb rom / 4g",>20,174.00, ,"","Y","samsung"		
tablet android,"tbsmx230nzaapeo","tablet samsung galaxy tab a11+, 11.0 1920x1200 (wuxga) tft lcd, 6gb ram / 128gb rom[",>20,239.00, ,"","Y","samsung"		
tablet android,"tbsmx230nzaepeo","tablet samsung galaxy tab a11+, 11.0 1920x1200 (wuxga) tft lcd, 8gb ram / 256gb rom[",>20,299.00, ,"","Y","samsung"		
tablet android,"tbsmx236bzaapeo","tablet samsung galaxy tab a11+, 11.0 1920x1200 (wuxga) tft lcd, 6gb ram / 128gb rom ",>20,279.00, ,"","Y","samsung"		
tablet android,"tbsmx406bzaepeo","tablet samsung galaxy tab s10 lite, 10.9 (2112x1320)(wuxga+) tft, 8gb ram + 256gb ro",>20,469.00, ,"","Y","samsung"		
tablet android,"tbsmx520nzaapeo","tablet samsung galaxy tab s10 fe, 10.9 (2304x1440)(wuxga+) lcd, 8gb ram + 128gb rom[",2,474.00, ,"","Y","samsung"		
tablet android,"tbsmx620nzaapeo","tablet samsung galaxy tab s10 fe+, 13.1 (2880x1800)(wquxga) lcd, 8gb ram + 128gb rom",14,599.00, ,"","Y","samsung"		
tablet android,"tbsmx620nzaepeo","tablet samsung galaxy tab s10 fe+, 13.1 (2880x1800)(wqxga+) lcd ips, 12gb ram + 256g",7,729.00, ,"","Y","samsung"		
tablet android,"tbsmx626bzaapeo","tablet samsung galaxy tab s10 fe+ 13.1 2880 x 1800 (wquxga) 90hz, lcd, 5g[@@@]proces",>20,689.00, ,"","Y","samsung"		
tablet android,"tbsmx730nzahpeo","tablet samsung galaxy tab s11 11.0 (wqxga), dynamic amoled 2x, 12gb ram, 256gb rom[@",3,945.00, ,"","Y","samsung"		
tablet android,"tbzaej0105per","tablet lenovo idea 10.1” wuxga (1920x1200) tft lcd (ips) /touch/android 14 o superior",>20,178.00, ,"","Y","lenovo - idea"		
tablet android,"tbzafr0908pe","tablet lenovo tab 11 2.5k (2560x1600) ips/90hz/touch/4gb ram/128gb rom, android 15 o",>20,186.00, ,"","Y","lenovo - idea"		
tablet android,"tbzag70835pe","tablet lenovo tab plus 12.1 2.5k (2560x1600) ips/90hz/touch/8gb ram/256gb rom, andro", ,311.00, ,"","W","lenovo - idea"		
tablet android,"zzprotec9032543","dscto protec tbadtr4986pnk-g",>20,400.00, ,"","D","advance computer corp"		
tablet android,"zzztbincarx108","tablet x108", ,200.00, ,"","Z","zz otras marcas"		
_______________,"_______________","__________________________________","__________"		
 ,"CODIGO","TABLET, ACCESORIOS DE","STOCK","PREC DISTRIB US $","PREC S/.","FLETE ","GARAN","MARCA"		
tablet, accesorios de,"acadvfundalila","funda para tablet 7, 20 x 16 cm, lila.[@@@]",10,2.50, ,"","Z","advance computer corp"		
tablet, accesorios de,"accadrbpr5850pk","rubber / estuche de goma para tablet por5850, 7,color rosado[@@@]protege tu tablet a",>20,100.00, ,"","D","advance computer corp"		
tablet, accesorios de,"accadvbagsp5706","acc adv bag tb sp5706",20,199.00, ,"","D","advance computer corp"		
tablet, accesorios de,"accadvtbkb5706","acc adv tb keyboard sp5706",>20,8.00, ,"","D","advance computer corp"		
tablet, accesorios de,"accefbx620pbegw","cubierta rigida (smart book cover) para samsung galaxy tab s10 fe+, color negro[@@@]",10,65.00, ,"","Y","samsung"		
tablet, accesorios de,"accefbx710pbegw","cubierta (smart book cover) para samsung galaxy tab s10 fe, color negro[@@@]",19,55.00, ,"","Y","samsung"		
tablet, accesorios de,"accfliptbsp7345","flip cover advance sp7245, para tablet de 8, ideal para advance smartpad sp7245.[@@@",3,7.00, ,"","Z","advance computer corp"		
tablet, accesorios de,"accsmbx710pbegw","cubierta (smart book cover) para samsung galaxy tab s10 fe, color negro[@@@]",>20,55.00, ,"","Y","samsung"		
tablet, accesorios de,"acctb7estkb","estuche advance con teclado bluetooth, negro.[@@@]para tablet advance smartpad sp7146",3,18.40, ,"","Z","advance computer corp"		
tablet, accesorios de,"acctbmounstturq","protector para tablet advance mostrito, 7, anti-impacto, color turquesa[@@@]el prote",10,6.40, ,"","Z","advance computer corp"		
tablet, accesorios de,"acczzsw001","tag tipo araña / exhibidor de seguridad antirrobocon alarma[@@@]el tag tipo araña / e",>20,2.75, ,"","Y","advance computer corp"		
tablet, accesorios de,"acsmt4511xbegww","travel adapter 45w_pd (w/cable",1,31.00, ,"","Y","samsung"		
tablet, accesorios de,"zzcaseth5447c","funda para tablet advance th5447, 7, coral.[@@@]protege tu tableta con la funda adva",1,0.45, ,"","Z","advance computer corp"		
tablet, accesorios de,"zzzzzacctr5995","dino eva case tr5995 gr",1,0.45, ,"","Z","advance computer corp"		
_______________,"_______________","__________________________________","__________"		
 ,"CODIGO","TECLADO INALAMBRICO","STOCK","PREC DISTRIB US $","PREC S/.","FLETE ","GARAN","MARCA"		
teclado inalambrico,"kblen4x31r64500","teclado + mouse inalámbricos lenovo essential combo gen2, negro, español (la) 171[@@@",>20,24.50, ,"","Y","lenovo - thinkpad"		
teclado inalambrico,"kblen4y41r69496","teclado lenovo bluetooth autorrecargable - español la 171[@@@]diseñado para profesion",>20,69.40, ,"","Y","lenovo - thinkpad"		
teclado inalambrico,"kbmle4x31s04857","teclado y mouse inalámbricos multimodo lenovo procombo 6000-la español 171 (sin bater",>20,50.30, ,"","Y","lenovo - thinkpad"		
teclado inalambrico,"kbte4064n","teclado inalámbrico teros te-4064n, 2.4 ghz, bluetooth 3.0 / 5.2, 80 teclas, negro[@@",>20,9.40, ,"","D","teros"		
teclado inalambrico,"kbwbkte4074cs","teclado inalámbrico teros te-4074cs, 2.4ghz, usb,negro[@@@]trabaja con comodidad y es",>20,8.70, ,"","D","teros"		
teclado inalambrico,"zzkbte4064na","teclado kb te-4064n bt (amd)",2,999.00, ,"","D","amd-advanced micro device"		
_______________,"_______________","__________________________________","__________"		
 ,"CODIGO","TECLADO PARA GAMERS","STOCK","PREC DISTRIB US $","PREC S/.","FLETE ","GARAN","MARCA"		
teclado para gamers,"kbcbkte4068g","teclado mecánico te-4068g, retroiluminación rainbow, usb 2.0, español, color negro[@@",>20,15.50, ,"","D","teros"		
teclado para gamers,"kbcbkte4072g","teclado gamer teros te-4072g, rgb, usb, negro[@@@]descubre el teclado gamer teros te-",>20,5.30, ,"","D","teros"		
teclado para gamers,"kbcbkte4074g","teclado gamer teros te-4074g, rgb, usb 2.0, negro[@@@]descubre el teclado gamer teros",16,15.50, ,"","D","teros"		
teclado para gamers,"zzkbcbkte4074g","zz kb gamer te4074 (toshiba)",>20,9999.00, ,"","Z","toshiba - storage"		
_______________,"_______________","__________________________________","__________"		
 ,"CODIGO","TECLADO USB","STOCK","PREC DISTRIB US $","PREC S/.","FLETE ","GARAN","MARCA"		
teclado usb,"kbte4065n","teclado lavable teros te-4065n, ipx7, usb, negro[@@@]descubre el teclado teros te-406",>20,10.00, ,"","D","teros"		
teclado usb,"kbusbadv628-b","teclado advance kb-628, español, multimedia, internet, conexión usb, negro.[@@@]", ,1100.00, ,"","C","advance computer corp"		
_______________,"_______________","__________________________________","__________"		
 ,"CODIGO","TECLADO+MOUSE COMBO KIT","STOCK","PREC DISTRIB US $","PREC S/.","FLETE ","GARAN","MARCA"		
teclado+mouse combo kit,"kblengx30n81782","teclado + mouse lenovo, inalámbrico, color negro,(kit combo)[@@@]conexión por recepto",>20,25.30, ,"","Y","lenovo - idea"		
teclado+mouse combo kit,"kblengx31r09788","combo kit de teclado + mouse lenovo 310, interfaz: usb-a con cable, en español (la)[@",>20,17.80, ,"","Y","lenovo - idea"		
teclado+mouse combo kit,"kbmscbkte5015s","kit teclado + mouse teros te-5015s, negro[@@@]simplifica tus tareas diarias con el co",>20,4.15, ,"","D","teros"		
teclado+mouse combo kit,"kbmscbkte5019s","kit teclado + mouse teros te-5019s, tecla copilot(solo teclado), negro[@@@]optimiza t",>20,6.15, ,"","D","teros"		
teclado+mouse combo kit,"kbmshcbkte5014s","kit 4 en 1 teclado + mouse + auriculares + mousepad teros te-5014s[@@@]completa tu se",>20,14.30, ,"","D","teros"		
teclado+mouse combo kit,"mslengx30m39630","kit combo teclado + mouse lenovo 300, interfaz usb, ambidiestro, diseño elegante.[@@@",>20,17.80, ,"","Y","lenovo - idea"		
_______________,"_______________","__________________________________","__________"		
 ,"CODIGO","TECLADO+MOUSE KIT INALAMB","STOCK","PREC DISTRIB US $","PREC S/.","FLETE ","GARAN","MARCA"		
teclado+mouse kit inalamb,"kblengx31f38002","kit de teclado + mouse combo, lenovo 510, inalámbrico, color blanco[@@@]tipo de fuent",>20,26.50, ,"","Y","lenovo - idea"		
teclado+mouse kit inalamb,"kblengx31s04975","combo kit de teclado + mouse lenovo 700, inalambrico (receptor usb), en español (la)[",>20,37.30, ,"","Y","lenovo - idea"		
teclado+mouse kit inalamb,"kbmswbkte4071s","kit teclado y mouse teros te-4071s, inalámbrico, 2.4 ghz, acabado elegante, negro, es",>20,6.30, ,"","D","teros"		
teclado+mouse kit inalamb,"kbmswbkte5011cs","kit inalámbrico teclado + mouse teros te-5011cs, 2.4ghz, 1000dpi, español, negro[@@@]",>20,6.50, ,"","D","teros"		
teclado+mouse kit inalamb,"kbmswbkte5013s","kit teclado + mouse teros te-5013s, negro[@@@]trabaja con mayor libertad usando el co",>20,6.30, ,"","D","teros"		
teclado+mouse kit inalamb,"kbmswwhte5016s","combo inalámbrico teclado + mouse teros te-5016s,blanco[@@@]combo inalámbrico teros t",>20,6.30, ,"","D","teros"		
teclado+mouse kit inalamb,"zzte5011csm","kit teclado+mouse w te5011cs", ,999.00, ,"","Y","western digital"		
_______________,"_______________","__________________________________","__________"		
 ,"CODIGO","TELEVISORES, RACKS PARA","STOCK","PREC DISTRIB US $","PREC S/.","FLETE ","GARAN","MARCA"		
televisores, racks para,"acrackte7111","rack teros te-7111 para televisor de 32 a 75[@@@]optimiza tu espacio con el rack pa",>20,8.00, ,"","D","teros"		
televisores, racks para,"zzzzlsslf5b1","tv wall mount 80 inches slf5-b", ,145.00, ,"","","zz otras marcas"		
_______________,"_______________","__________________________________","__________"		
 ,"CODIGO","UPS INTERACTIVO","STOCK","PREC DISTRIB US $","PREC S/.","FLETE ","GARAN","MARCA"		
ups interactivo,"psaur1000lcdu-b","ups interactivo elise fase, aur-1000-lcd-usb, 1000 va / 600 w, puerto inteligente usb",1,113.00, ,"","W","elise"		
ups interactivo,"psaur1200lcdusb","ups interactivo elise fase, aur-1200-lcd-usb, 1200 va / 600 w, puerto inteligente usb",>20,119.92, ,"","W","elise"		
ups interactivo,"psaur1500lcdusb","ups interactivo elise fase, aur-1500-lcd-usb, 1500 va / 900 w, puerto inteligente usb",>20,149.60, ,"","W","elise"		
ups interactivo,"psaur650lcdusb","ups interactivo elise @fase, aur-650-lcd-usb, 650va / 360w, puerto inteligente usb-hi",>20,60.00, ,"","W","elise"		
ups interactivo,"psaur850lcdusb","ups interactivo elise @fase, aur-850-lcd-usb, 850va / 480w, puerto inteligente usb-hi",>20,77.50, ,"","W","elise"		
ups interactivo,"pspbox650","ups interactivo elise serie power pbox-650, 650va, 360w[@@@]el ups elise pbox-650 es ",4,55.60, ,"","Y","elise"		
ups interactivo,"pstlomnivsx1500","ups tripp-lite omnivsx1500, interactivo, 1500va, 900w, 230v, 8 tomas c13.[@@@]autonom",>20,132.00, ,"","W","tripp-lite"		
ups interactivo,"psuptlavrx750u","ups avr internet tripp-lite avrx750u, linea iteractiva, 750 va, 450 watts, voltaje: 2",20,113.00, ,"","W","tripp-lite"		
ups interactivo,"psuptlsmx1500lc","ups tripp-lite smx1500lcdt, interactivo, 1500va, 900w, 220v, 8 tomas c13.[@@@]pantall",5,173.00, ,"","W","tripp-lite"		
ups interactivo,"upscdprupr1008","ups cdp r-upr1008i, interactivo, 1000va, 500w, 220vca / 50/60hz (ajuste automático)[@",1,53.00, ,"","W","cdp chicago digital power"		
ups interactivo,"upselpbox-1050","ups interactivo elise serie power box, 1050va / 600w, puerto inteligente usb-hid.[@@@",>20,101.00, ,"","W","elise"		
ups interactivo,"upstips-1050led","línea de ups elise interactivo ips-1050-led: 1050va/ 600 w[@@@]el ups elise ips-1050-",1,99.20, ,"","W","elise"		
ups interactivo,"upstips-1500led","línea de ups elise interactivo ips-1500-led: 1500va/ 900 w[@@@]el ups elise ips-1500-",>20,137.60, ,"","W","elise"		
ups interactivo,"upstips-2200led","línea de ups elise interactivo ips-2200-led: 2200va/ 1200 w[@@@]el ups elise ps-2200-",2,160.00, ,"","W","elise"		
ups interactivo,"uspelaur2200lc","ups interactivo elise fase, aur-2200-lcd-usb, 2200va / 1200w, puerto inteligente usb-",9,163.60, ,"","W","elise"		
_______________,"_______________","__________________________________","__________"		
 ,"CODIGO","UPS ONLINE","STOCK","PREC DISTRIB US $","PREC S/.","FLETE ","GARAN","MARCA"		
ups online,"protudc3ktg2","ups on-line premium elise udc-3k-t-g2, 3000va/2700w/entrada: 220-240vac/salida: 220-2",9,489.00, ,"","W","elise"		
ups online,"pscdpupo111i","ups cdp upo11-1i online 1000va / 900w, 230v, usb,rs232, 3-salidas iec-c13/14.[@@@]ups",>20,185.00, ,"","W","cdp chicago digital power"		
ups online,"pscdpupo113axi","ups cdp upo11-3i online 3000va / 2700w, 230v, usb, rs232, 4-salidas iec-c13/14.[@@@]u",7,436.00, ,"","W","cdp chicago digital power"		
ups online,"pseliudc1ktg2","ups elise udc-1k-t-g2, on-line, 1kva, 900w, 100v ~ 300vac, display lcd.[@@@]interfaz ",2,241.00, ,"","W","elise"		
ups online,"pseliurt-1k-iot","ups plug & power innova unity iot urt series 1kva, 1000va, 1000w, 220v, db-9 rs232/us",16,390.00, ,"","W","elise"		
ups online,"pseliurt-2k-iot","ups plug & power innova unity iot urt series 2kva, 2000va,2000w, 220v, db-9 rs 232/us",5,674.00, ,"","W","elise"		
ups online,"pseliurt-3k-iot","ups plug & power innova unity iot urt series 3kva, 3000w, 220v, db-9 rs232 / usb[@@@]",5,679.00, ,"","W","elise"		
ups online,"pselizen10k","ups elise fase online serie zen 10000va / 9000w /bornera entrada - salida 60amp / usb",8,1524.00, ,"","W","elise"		
ups online,"pselizen1k","ups elise fase online serie zen 1000va / 900w / 4tomas de salida nema 5-15 / rs232 / ",15,223.00, ,"","W","elise"		
ups online,"pselizen2k","ups elise fase online serie zen 2000va / 1800w / 4 tomas de salida nema 5-15 / rs232 ",>20,389.00, ,"","W","elise"		
ups online,"pselizen3k","ups elise fase online serie zen 3000va / 2700w / 6 tomas de salida nema 5-15 / usb[@@",>20,571.00, ,"","W","elise"		
ups online,"pselurt10kg26u","ups on line rack/tower (urt) plug & power, 10000va / 10000w, 230v, usb, rs-232 (db-9)",5,1850.00, ,"","W","elise"		
ups online,"psnsuint3000lcd","ups online r/t 3kva/2.7kw 2u l",>20,915.00, ,"","W","tripp-lite"		
ups online,"pstlsuint1000lc","ups smart tripp-lite suint1000lcd2u, on-line, 1 kva, 900 w, 208v/230v, 2u.[@@@]doble ",11,592.00, ,"","W","tripp-lite"		
ups online,"pstlsuint2200lc","ups smartonline tripplite suint2200lcd2u, 2200va,1980w, 230v, 2u.[@@@]ups de doble co",8,840.00, ,"","W","tripp-lite"		
ups online,"pstlsuint3000lc","ups smartonline tripplite suint3000lcd2u, 3000va,2700w, 230v, 2u.[@@@]ups de conversi",19,913.00, ,"","W","tripp-lite"		
ups online,"psupscdpupo112i","ups cdp upo11-2i(ax), on-line, 2000va, 2000w, 220vac, 8 salidas iec-c13/14.[@@@]tecno",6,473.00, ,"","W","cdp chicago digital power"		
ups online,"psupscdpupo113i","ups cdp upo11i(ax), on-line, 3000va, 3000w, 220vac, 6 salidas iec-c13/14.[@@@]tecnolo",6,550.00, ,"","W","cdp chicago digital power"		
ups online,"psusu6000rt","ups/doble conversion/on-line sin bypass de mantenimiento smartonline 6000va/5400w/208",5,1570.00, ,"","W","tripp-lite"		
ups online,"up9sx11kirt4ug2","ups online de doble conversión eaton 9sx 11000i rt4u g2, 11000va/11000w rack/torre 4u",1,2690.00, ,"","W","eaton"		
ups online,"upcdpupo33hfax","ups on-line cdp doble conversion / alta frecuencia upo33-10hfi, 10kva / 10kw[@@@]volt",1,2814.00, ,"","W","cdp chicago digital power"		
ups online,"ups9103-53862xd","ups online 9103-53862xd1 1kva",>20,220.00, ,"","W","eaton"		
ups online,"ups9103-73887xd","eaton dx 2000i 2kva",>20,345.00, ,"","W","eaton"		
ups online,"upse9106-52128","ups trifasico eaton 20kva, con 2 strings de baterias internas (2x32x7ah)[@@@]el respa", ,4500.00, ,"","Y","eaton"		
ups online,"upse9106-72256","ups trifasico eaton 40kva, con 3 strings de baterias internas (3x32x9ah)[@@@]el respa",1,7600.00, ,"","Y","eaton"		
ups online,"upsen9sx6kirt","ups on-line de doble conversión eaton 9sx g2 6000va/6000w (9sx6kirt3ug2)[@@@]rango de",1,1680.00, ,"","W","eaton"		
_______________,"_______________","__________________________________","__________"		
 ,"CODIGO","UPS, ACCESORIOS","STOCK","PREC DISTRIB US $","PREC S/.","FLETE ","GARAN","MARCA"		
ups, accesorios,"accdpupo22pllk6","kit paralela ups torre 6/10kva",8,56.50, ,"","W","cdp chicago digital power"		
ups, accesorios,"accpdumnh20hv","pdu monofÁsico monitoreable",1,276.00, ,"","W","tripp-lite"		
ups, accesorios,"accsupdmbp6k","derivación de mantenimiento sm",5,433.00, ,"","W","tripp-lite"		
ups, accesorios,"acctlp047010","cable de extensión de alimentación tripp-lite p047-010, 15a, 14awg, c19 a c14, 3.05 m",>20,13.20, ,"","W","tripp-lite"		
ups, accesorios,"acdpdumv20hvnet","pdu para rack eaton monofásico controlable de 3.7kw, 24 tomas controlables individual",2,500.00, ,"","W","tripp-lite"		
ups, accesorios,"acelinmcwebmini","ups card - network management",9,177.00, ,"","W","elise"		
ups, accesorios,"acelpduh08t10a","unidad de distribución de energía (pdu), modelo: pdu-h-08t-10a-8(n5-15r)-c14-1u[@@@]l",8,78.00, ,"","W","elise"		
ups, accesorios,"acelpduv20","unidad de distribución de energía elise, pdu-v-20t-15a-6(n5-15r)-12(c13)-2(c19)-c20-0",8,126.60, ,"","Y","elise"		
ups, accesorios,"acelpduv24t15a8","unidad de distribución de energía elise, pdu-v-24t-15a-8(n5-15r)-12(c13)-4(c19)-c20-0",3,142.60, ,"","Y","elise"		
ups, accesorios,"acpdumv32hvnetl","eaton pdu monofásico controlable de 7.7kw con interfaz de plataforma lx, salida de 23",5,555.00, ,"","W","tripp-lite"		
ups, accesorios,"actlp004-003","cable de alimentación tripp-lite p004-003 para pdu, c13 a c14, 10a, 250v, 18 awg, 91.",>20,2.00, ,"","W","tripp-lite"		
ups, accesorios,"actlp004006","cable de alimentación tripplite p004-006, longitud 1.83 m, para pc o dispositivos con",>20,3.09, ,"","W","tripp-lite"		
ups, accesorios,"actlp036006","cable de alimentacion tripp-lite p036-006, de uso pesado 12awg (iec-320-c19 a iec-320",>20,9.20, ,"","W","tripp-lite"		
ups, accesorios,"actlpdumh20hvat","pdu monofásico con medidor digital, 3.2 / 3.8 kw,8 c13 y 2 c19, 200v ~ 240v, 1u.[@@@]",2,367.00, ,"","W","tripp-lite"		
ups, accesorios,"actlusa-19hs","adaptador tripp lite keyspan de usb de alta velocidad a serial[@@@]",5,17.70, ,"","W","tripp-lite"		
ups, accesorios,"bidwebcardlxe","tarjeta de red webcardlxe",>20,88.00, ,"","W","tripp-lite"		
ups, accesorios,"psutlpdumv20hv","unidad de distribución de energía tripp-lite pdumv20hv, monofásico con medidor digita",8,207.00, ,"","W","tripp-lite"		
ups, accesorios,"tren744a4920","tarjeta de administracion de red gbe eaton, ranura: mini-slot, ethernet 10/100/1000ba",>20,146.00, ,"","W","eaton"		
ups, accesorios,"upsacsnmptxwebp","tarjeta de administracion de red cdp snmp web pro- solucion de gestion remota[@@@]tar",>20,96.00, ,"","W","cdp chicago digital power"		
ups, accesorios,"upsacupo11rtra","kit de rieles de montaje 1u para ups cdp upo11rt de (1&#8239	kva, 2&#8239	kva, y 3&#8",11,31.00, ,"","W","cdp chicago digital power"
_______________,"_______________","__________________________________","__________"		
 ,"CODIGO","UPS, OTROS","STOCK","PREC DISTRIB US $","PREC S/.","FLETE ","GARAN","MARCA"		
ups, otros,"acctlb020u0819k","consola kvm tripplite para instalación en rack de1u de 8 puertos con lcd de 19.[@@@]",2,1320.00, ,"","W","tripp-lite"		
ups, otros,"psucdpupo111rti","ups online cdp upo11-1 rtaxi, 1000va/1000w, 220vac, 8 salidas iec-c13 (4-programables",1,350.00, ,"","W","cdp chicago digital power"		
_______________,"_______________","__________________________________","__________"		
 ,"CODIGO","VIDEO, PCI EXP INTEL GAM","STOCK","PREC DISTRIB US $","PREC S/.","FLETE ","GARAN","MARCA"		
video, pci exp intel gam,"vd6gara380cli","tarjeta de video asrock intel arc a380 challengeritx 6gb oc, 6 gb gddr6, pci-e 4.0[@@", ,144.00, ,"","P","asrock"		
_______________,"_______________","__________________________________","__________"		
 ,"CODIGO","VIDEO, PCI EXP NVIDIA GAM","STOCK","PREC DISTRIB US $","PREC S/.","FLETE ","GARAN","MARCA"		
video, pci exp nvidia gam,"vd12asrtx5070do","tarjeta de video asus dual-rtx5070-o12g, 12gb gddr7, pcie gen 5.0[@@@]puertos: 3 x di",20,774.00, ,"","P","asus"		
video, pci exp nvidia gam,"vd12asrtx5070po","tarjeta de video asus prime-rtx5070-o12g , 12 gb gddr7, pcie gen 5.0[@@@]puertos: 3 x",>20,890.00, ,"","P","asus"		
video, pci exp nvidia gam,"vd12gbrtx5070ae","tarjeta de video gigabyte geforce rtx 5070 aero oc 12g, 12 gb gddr7, pcie gen 5.0[@@@",>20,740.00, ,"","P","gigabyte"		
video, pci exp nvidia gam,"vd12gbrtx5070ei","tarjeta de video gigabyte geforce rtx 5070 eagle oc ice sff 12, 12 gb gddr7, pcie gen",>20,720.00, ,"","P","gigabyte"		
video, pci exp nvidia gam,"vd12gbrtx5070eo","tarjeta de video gigabyte geforce rtx 5070 eagle oc sff 12g, 12 gb gddr7, pcie gen 5.",1,703.00, ,"","P","gigabyte"		
video, pci exp nvidia gam,"vd12gbrtx5070go","tarjeta de video gigabyte geforce rtx 5070 gamingoc 12g, 12 gb gddr7, pcie gen 5.0[@@", ,733.00, ,"","P","gigabyte"		
video, pci exp nvidia gam,"vd32asrtx5090pa","tarjeta de video asus proart geforce rtx 5090 oc edition, 32gb gddr7, pcie gen 5.0 x1",6,3565.00, ,"","P","asus"		
video, pci exp nvidia gam,"vd32asrtx5090ra","tarjeta de video asus rog astral geforce rtx 509032gb gddr7 oc edition, pcie gen 5.0[",9,3580.00, ,"","P","asus"		
video, pci exp nvidia gam,"vd32asrtx5090tf","tarjeta de video asus tuf-rtx5090-o32g-gaming, pcie gen 5.0[@@@]puertos: 3 x displayp",16,3400.00, ,"","P","asus"		
video, pci exp nvidia gam,"vd32gbrtx5090as","tarjeta de video gigabyte geforce rtx 5090 stealth ice 32g, 32gb gddr7, pcie gen 5.0[",7,3966.90, ,"","P","gigabyte"		
video, pci exp nvidia gam,"vd32gbrtx5090m","tarjeta de video gigabyte aorus geforce rtx 5090 master 32g, 32 gb gddr7, pcie gen 5.",8,3837.16, ,"","P","gigabyte"		
video, pci exp nvidia gam,"vd6gasrtx3050do","tarjeta de video asus dual geforce rtx 3050 oc edition 6gb gddr6, pci-e 4.0[@@@]puert",>20,283.50, ,"","P","asus"		
video, pci exp nvidia gam,"vd6gmsrtx3050lp","tarjeta de video msi geforce rtx 3050 lp 6g oc, 6gb gddr6, pci-express gen 4.0[@@@]pu", ,211.00, ,"","P","msi"		
video, pci exp nvidia gam,"vd8gasrtx5050do","tarjeta de video asus dual-rtx5050-o8g, gddr6, pcie gen 5.0[@@@]puertos: 3 x displayp",3,321.00, ,"","P","asus"		
video, pci exp nvidia gam,"vd8gasrtx5060dg","tarjeta de video asus dual geforce rtx 5060 8gb gddr7, pci express gen 5.0[@@@]puerto",>20,477.50, ,"","P","asus"		
video, pci exp nvidia gam,"vd8gasrtx5060do","tarjeta de video asus dual-rtx5060-o8g, 8gb gddr7, pcie gen 5.0[@@@]puertos: 3 x disp",2,477.50, ,"","P","asus"		
video, pci exp nvidia gam,"vd8gasrtx5060ev","tarjeta de video asus dual-rtx5060-o8g-evo, 8 gb gddr7, pcie gen 5.0[@@@]puertos: 3 x",13,467.50, ,"","P","asus"		
video, pci exp nvidia gam,"vd8gasrtx506tdo","tarjeta de video asus dual-rtx5060ti-o8g, 8 gb gddr7, pcie gen 5.0[@@@]puertos: 3 x d",>20,443.50, ,"","P","asus"		
video, pci exp nvidia gam,"vd8ggbrtx5050go","tarjeta de video gigabyte geforce rtx 5050 gamingoc 8g, 8 gb gddr6, pcie gen 5.0[@@@]", ,317.50, ,"","P","gigabyte"		
video, pci exp nvidia gam,"vd8ggbrtx5050v2","tarjeta de video gigabyte geforce rtx 5050 windforce oc v2 8g, 8gb gddr6, pcie 5.0[@@",4,306.50, ,"","P","gigabyte"		
video, pci exp nvidia gam,"vd8ggbrtx5050w2","tarjeta de video gigabyte geforce rtx 5050 windforce oc 8g, 8 gb gddr6, pcie gen 5.0[",>20,318.00, ,"","P","gigabyte"		
video, pci exp nvidia gam,"vd8ggbrtx5060ao","tarjeta de video gigabyte geforce rtx 5060 aero oc 8g, 8 gb gddr7, pcie gen 5.0[@@@]p",4,471.00, ,"","P","gigabyte"		
video, pci exp nvidia gam,"vd8ggbrtx5060go","tarjeta de video gigabyte geforce rtx 5060 gamingoc 8g, 8 gb gddr7, pcie gen 5.0[@@@]",1,471.00, ,"","P","gigabyte"		
video, pci exp nvidia gam,"vd8ggbrtx506tao","tarjeta de video gigabyte geforce rtx 5060 ti aero oc 8g, 8gb gddr7, pcie gen 5.0[@@@",2,472.91, ,"","P","gigabyte"		
video, pci exp nvidia gam,"vd8ggbrtx506teo","tarjeta de video gigabyte geforce rtx 5060 ti eagle oc 8g, 8 gb gddr7, pcie gen 5.0[@",>20,447.00, ,"","P","gigabyte"		
video, pci exp nvidia gam,"vd8ggbrtx506tgo","tarjeta de video gigabyte geforce rtx 5060 ti gaming oc 8g, 8 gb gddr7, pcie gen 5.0[",>20,472.00, ,"","P","gigabyte"		
video, pci exp nvidia gam,"vd8ggbrtx506tio","tarjeta de video gigabyte geforce rtx 5060 ti eagle oc ice 8g, 8 gb gddr7, pcie gen 5",>20,434.50, ,"","P","gigabyte"		
video, pci exp nvidia gam,"vd8gmsrtx5050v2","tarjeta de video msi geforce rtx 5050 8g ventus 2x oc, 8 gb gddr6, pcie 5.0[@@@]puert", ,308.00, ,"","P","msi"		
video, pci exp nvidia gam,"vd8gmsrtx5060go","tarjeta de video msi geforce rtx 5060 8g gaming oc, 8 gb gddr7, pcie 5.0[@@@]puertos:",2,390.00, ,"","P","msi"		
_______________,"_______________","__________________________________","__________"		
 ,"CODIGO","VIDEO, PCI EXP RADEON GAM","STOCK","PREC DISTRIB US $","PREC S/.","FLETE ","GARAN","MARCA"		
video, pci exp radeon gam,"vd16asrx906xtd","tarjeta de video asus dual-rx9060xt-16g, 16 gb gddr6, pci-e 5.0[@@@]puertos: 2 x disp",>20,478.00, ,"","P","asus"		
video, pci exp radeon gam,"vd16gbrx9070go","tarjeta de video gigabyte radeon rx 9070 gaming oc 16g, 16 gb gddr6, pci-e 5.0[@@@]pu",16,673.00, ,"","P","gigabyte"		
video, pci exp radeon gam,"vd16gbrx9070xte","tarjeta de video gigabyte aorus radeon rx 9070 xtelite 16g , 16 gb gddr6, pci-e 5.0[@",17,860.00, ,"","P","gigabyte"		
video, pci exp radeon gam,"vd16xfrx906xtm3","tarjeta de video xfx mercury amd radeon rx 9060 xt oc gaming edition, 16gb gddr6, pci",>20,494.00, ,"","F","xfx"		
video, pci exp radeon gam,"vd16xfrx906xtn3","tarjeta de video xfx swift amd radeon rx 9060 xt oc triple fan gaming, 16gb gddr6, pc",>20,481.50, ,"","F","xfx"		
video, pci exp radeon gam,"vd16xfrx906xtw3","tarjeta de video xfx swift amd radeon rx 9060 xt oc white triple fan gaming edition 1",>20,484.50, ,"","F","xfx"		
video, pci exp radeon gam,"vd16xfrx9070qgn","tarjeta de video xfx quicksilver amd radeon rx 9070 oc gaming edit, 16 gb gddr6, pci-",4,651.97, ,"","F","xfx"		
video, pci exp radeon gam,"vd8garrx906xtsl","tarjeta de video asrock amd radeon rx 9060 xt steel legend 8gb oc, 8 gb gddr6, pci-e ", ,324.25, ,"","P","asrock"		
video, pci exp radeon gam,"vd8gasrx906xtpo","tarjeta de video asus prime-rx9060xt-o8g, 8 gb gddr6, pci-e 5.0[@@@]puertos: 2 x disp",13,380.00, ,"","P","asus"		
video, pci exp radeon gam,"vd8ggbrx7600gmo","tarjeta de video gigabyte radeon rx 7600 gaming oc 8g, 8 gb gddr6, pci-e 4.0[@@@]puer",>20,319.00, ,"","P","gigabyte"		
video, pci exp radeon gam,"vd8ggbrx906xtgo","tarjeta de video gigabyte radeon rx 9060 xt gaming oc 8g, 8 gb gddr6, pci-e 5.0[@@@]p",>20,368.50, ,"","P","gigabyte"		
_______________,"_______________","__________________________________","__________"		
 ,"CODIGO","VIDEO, PCI EXPRESS NVIDIA","STOCK","PREC DISTRIB US $","PREC S/.","FLETE ","GARAN","MARCA"		
video, pci express nvidia,"vd2msgt710lpd3","tarjeta de video msi nvidia geforce gt 710, 2gb ddr3 64-bit, pci-e 2.0, low-profile.[", ,51.30, ,"","W","msi"		
_______________,"_______________","__________________________________","__________"		
 ,"CODIGO","Y PATCH CORD - COBRE","STOCK","PREC DISTRIB US $","PREC S/.","FLETE ","GARAN","MARCA"		
y patch cord - cobre,"cetln201025bl","cable patch moldeado tripp-lite n201-025-bl, cat6gigabit rj45, snagless, azul, 7.5 mt",>20,6.10, ,"","W","tripp-lite"		
_______________,"_______________","__________________________________","__________"		
 ,"CODIGO","Y RACK","STOCK","PREC DISTRIB US $","PREC S/.","FLETE ","GARAN","MARCA"		
y rack,"actldmcs60100xx","soporte para tv con ruedas tripp lite, soporta pantallas de 60 a 100, hasta 99.8kg[",11,396.00, ,"","W","tripp-lite"		
